净值日期,单位净值,日增长率
2008-06-19,1.0,0.0
2008-06-20,1.0001,0.01
2008-06-27,0.9999,-0.02
2008-06-30,0.9999,0.0
2008-07-04,1.0002,0.03
2008-07-11,1.0031,0.2899
2008-07-18,0.9961,-0.6978
2008-07-25,1.0054,0.9336
2008-08-01,0.9945,-1.0841
2008-08-08,0.9739,-2.0714
2008-08-15,0.9658,-0.8317
2008-08-22,0.9599,-0.6109
2008-08-29,0.9523,-0.7917
2008-09-05,0.9336,-1.9637
2008-09-12,0.9299,-0.3963
2008-09-18,0.9261,-0.4086
2008-09-19,0.9378,1.2634
2008-09-22,0.9425,0.5012
2008-09-23,0.9284,-1.496
2008-09-24,0.9294,0.1077
2008-09-25,0.9402,1.162
2008-09-26,0.9451,0.5212
2008-09-30,0.9451,0.0
2008-10-06,0.9305,-1.5448
2008-10-07,0.9354,0.5266
2008-10-08,0.9271,-0.8873
2008-10-09,0.9258,-0.1402
2008-10-10,0.916,-1.0585
2008-10-13,0.9266,1.1572
2008-10-14,0.9235,-0.3346
2008-10-15,0.9227,-0.0866
2008-10-16,0.9077,-1.6257
2008-10-17,0.9086,0.0992
2008-10-20,0.9159,0.8034
2008-10-21,0.916,0.0109
2008-10-22,0.912,-0.4367
2008-10-23,0.9115,-0.0548
2008-10-24,0.9054,-0.6692
2008-10-27,0.891,-1.5905
2008-10-28,0.8974,0.7183
2008-10-29,0.8918,-0.624
2008-10-30,0.897,0.5831
2008-10-31,0.8952,-0.2007
2008-11-03,0.8948,-0.0447
2008-11-04,0.8886,-0.6929
2008-11-05,0.8982,1.0804
2008-11-06,0.8939,-0.4787
2008-11-07,0.896,0.2349
2008-11-10,0.9133,1.9308
2008-11-11,0.9114,-0.208
2008-11-12,0.9121,0.0768
2008-11-13,0.93,1.9625
2008-11-14,0.9459,1.7097
2008-11-17,0.9612,1.6175
2008-11-18,0.9432,-1.8727
2008-11-19,0.9672,2.5445
2008-11-20,0.964,-0.3309
2008-11-21,0.9685,0.4668
2008-11-24,0.9515,-1.7553
2008-11-25,0.9505,-0.1051
2008-11-26,0.9537,0.3367
2008-11-27,0.9629,0.9647
2008-11-28,0.9629,0.0
2008-12-01,0.9763,1.3916
2008-12-02,0.9848,0.8706
2008-12-03,0.996,1.1373
2008-12-04,0.999,0.3012
2008-12-05,1.0104,1.1411
2008-12-08,1.0271,1.6528
2008-12-09,1.0113,-1.5383
2008-12-10,1.0313,1.9777
2008-12-11,1.0202,-1.0763
2008-12-12,0.9993,-2.0486
2008-12-15,1.0039,0.4603
2008-12-16,1.0149,1.0957
2008-12-17,1.0204,0.5419
2008-12-18,1.0308,1.0192
2008-12-19,1.0394,0.8343
2008-12-22,1.0327,-0.6446
2008-12-23,1.0067,-2.5177
2008-12-24,0.9979,-0.8741
2008-12-25,0.9956,-0.2305
2008-12-26,0.9931,-0.2511
2008-12-29,0.9925,-0.0604
2008-12-30,0.9946,0.2116
2008-12-31,0.9959,0.1307
2009-01-05,1.0095,1.3656
2009-01-06,1.0237,1.4066
2009-01-07,1.0235,-0.0195
2009-01-08,1.0087,-1.446
2009-01-09,1.0226,1.378
2009-01-12,1.0271,0.4401
2009-01-13,1.0035,-2.2977
2009-01-14,1.0293,2.571
2009-01-15,1.0291,-0.0194
2009-01-16,1.0283,-0.0777
2009-01-19,1.0307,0.2334
2009-01-20,1.0327,0.194
2009-01-21,1.0291,-0.3486
2009-01-22,1.043,1.3507
2009-01-23,1.0419,-0.1055
2009-02-02,1.0561,1.3629
2009-02-03,1.0785,2.121
2009-02-04,1.0913,1.1868
2009-02-05,1.0787,-1.1546
2009-02-06,1.1167,3.5228
2009-02-09,1.1468,2.6954
2009-02-10,1.1606,1.2033
2009-02-11,1.1634,0.2413
2009-02-12,1.1619,-0.1289
2009-02-13,1.1912,2.5217
2009-02-16,1.2096,1.5447
2009-02-17,1.174,-2.9431
2009-02-18,1.141,-2.8109
2009-02-19,1.1618,1.823
2009-02-20,1.1805,1.6096
2009-02-23,1.2017,1.7958
2009-02-24,1.1595,-3.5117
2009-02-25,1.153,-0.5606
2009-02-26,1.1079,-3.9115
2009-02-27,1.0903,-1.5886
2009-03-02,1.1043,1.2841
2009-03-03,1.1066,0.2083
2009-03-04,1.1443,3.4068
2009-03-05,1.1433,-0.0874
2009-03-06,1.1405,-0.2449
2009-03-09,1.1182,-1.9553
2009-03-10,1.1225,0.3845
2009-03-11,1.1179,-0.4098
2009-03-12,1.1117,-0.5546
2009-03-13,1.1091,-0.2339
2009-03-16,1.1166,0.6762
2009-03-17,1.1412,2.2031
2009-03-18,1.1458,0.4031
2009-03-19,1.1566,0.9426
2009-03-20,1.1569,0.0259
2009-03-23,1.1748,1.5472
2009-03-24,1.1772,0.2043
2009-03-25,1.1545,-1.9283
2009-03-26,1.1712,1.4465
2009-03-27,1.1839,1.0844
2009-03-30,1.1783,-0.473
2009-03-31,1.1905,1.0354
2009-04-01,1.2066,1.3524
2009-04-02,1.2212,1.21
2009-04-03,1.2166,-0.3767
2009-04-07,1.2169,0.0247
2009-04-08,1.1855,-2.5803
2009-04-09,1.2018,1.3749
2009-04-10,1.2452,3.6112
2009-04-13,1.2762,2.4896
2009-04-14,1.2421,0.4623
2009-04-15,1.2449,0.2254
2009-04-16,1.2467,0.1446
2009-04-17,1.2286,-1.4518
2009-04-20,1.2592,2.4906
2009-04-21,1.2578,-0.1112
2009-04-22,1.2018,-4.4522
2009-04-23,1.2196,1.4811
2009-04-24,1.2222,0.2132
2009-04-27,1.1884,-2.7655
2009-04-28,1.195,0.5554
2009-04-29,1.2187,1.9833
2009-04-30,1.2372,1.518
2009-05-04,1.2695,2.6107
2009-05-05,1.279,0.7483
2009-05-06,1.3035,1.9156
2009-05-07,1.2906,-0.9896
2009-05-08,1.2824,-0.6354
2009-05-11,1.2433,-3.049
2009-05-12,1.2665,1.866
2009-05-13,1.2704,0.3079
2009-05-14,1.2725,0.1653
2009-05-15,1.2868,1.1238
2009-05-18,1.2921,0.4119
2009-05-19,1.3038,0.9055
2009-05-20,1.2987,-0.3912
2009-05-21,1.2785,-1.5554
2009-05-22,1.2768,-0.133
2009-05-25,1.2839,0.5561
2009-05-26,1.2881,0.3271
2009-05-27,1.3007,0.9782
2009-06-01,1.3204,1.5146
2009-06-02,1.3206,0.0151
2009-06-03,1.3208,0.0151
2009-06-04,1.3145,-0.477
2009-06-05,1.3045,-0.7607
2009-06-08,1.2923,-0.9352
2009-06-09,1.2985,0.4798
2009-06-10,1.2984,-0.0077
2009-06-11,1.292,-0.4929
2009-06-12,1.2665,-1.9737
2009-06-15,1.2805,1.1054
2009-06-16,1.2776,-0.2265
2009-06-17,1.2918,1.1115
2009-06-18,1.3097,1.3857
2009-06-19,1.3073,-0.1832
2009-06-22,1.297,-0.7879
2009-06-23,1.2994,0.185
2009-06-24,1.3221,1.747
2009-06-25,1.3191,-0.2269
2009-06-26,1.3226,0.2653
2009-06-29,1.3445,1.6558
2009-06-30,1.3438,-0.0521
2009-07-01,1.3646,1.5478
2009-07-02,1.3821,1.2824
2009-07-03,1.4074,1.8305
2009-07-06,1.4176,0.7247
2009-07-07,1.4123,-0.3739
2009-07-08,1.4278,1.0975
2009-07-09,1.4455,1.2397
2009-07-10,1.4629,1.2037
2009-07-13,1.4691,0.4238
2009-07-14,1.4972,1.9127
2009-07-15,1.513,1.0553
2009-07-16,1.5119,-0.0727
2009-07-17,1.5216,0.6416
2009-07-20,1.5543,2.1491
2009-07-21,1.5269,-1.7629
2009-07-22,1.563,2.3643
2009-07-23,1.5759,0.8253
2009-07-24,1.5689,-0.4442
2009-07-27,1.5848,1.0134
2009-07-28,1.5811,-0.2335
2009-07-29,1.4906,-5.7239
2009-07-30,1.4989,0.5568
2009-07-31,1.5481,3.2824
2009-08-03,1.5766,1.841
2009-08-04,1.608,1.9916
2009-08-05,1.5905,-1.0883
2009-08-06,1.5664,-1.5152
2009-08-07,1.5127,-3.4282
2009-08-10,1.5151,0.1587
2009-08-11,1.5227,0.5016
2009-08-12,1.4641,-3.8484
2009-08-13,1.4778,0.9357
2009-08-14,1.4348,-2.9097
2009-08-17,1.338,-6.7466
2009-08-18,1.3555,1.3079
2009-08-19,1.3029,-3.8805
2009-08-20,1.3644,4.7202
2009-08-21,1.3972,2.404
2009-08-24,1.425,1.9897
2009-08-25,1.3925,-2.2807
2009-08-26,1.4181,1.8384
2009-08-27,1.4086,-0.6699
2009-08-28,1.3672,-2.9391
2009-08-31,1.2892,-5.7051
2009-09-01,1.2809,-0.6438
2009-09-02,1.2967,1.2335
2009-09-03,1.3609,4.951
2009-09-04,1.3769,1.1757
2009-09-07,1.3836,0.4866
2009-09-08,1.4208,2.6886
2009-09-09,1.4344,0.9572
2009-09-10,1.422,-0.8645
2009-09-11,1.4475,1.7932
2009-09-14,1.4729,1.7547
2009-09-15,1.4778,0.3327
2009-09-16,1.4635,-0.9677
2009-09-17,1.4873,1.6262
2009-09-18,1.4422,-3.0323
2009-09-21,1.4686,1.8305
2009-09-22,1.4455,-1.5729
2009-09-23,1.4161,-2.0339
2009-09-24,1.4091,-0.4943
2009-09-25,1.3992,-0.7026
2009-09-28,1.3693,-2.1369
2009-09-29,1.3688,-0.0365
2009-09-30,1.3789,0.7379
2009-10-09,1.4389,4.3513
2009-10-12,1.4396,0.0486
2009-10-13,1.4585,1.3129
2009-10-14,1.4721,0.9325
2009-10-15,1.4757,0.2445
2009-10-16,1.4855,0.6641
2009-10-19,1.5241,2.5985
2009-10-20,1.5395,1.0104
2009-10-21,1.534,-0.3573
2009-10-22,1.531,-0.1956
2009-10-23,1.5596,1.8681
2009-10-26,1.5603,0.0449
2009-10-27,1.5277,-2.0893
2009-10-28,1.5402,0.8182
2009-10-29,1.5104,-1.9348
2009-10-30,1.5252,0.9799
2009-11-02,1.5773,3.4159
2009-11-03,1.5973,1.268
2009-11-04,1.5993,0.1252
2009-11-05,1.606,0.4189
2009-11-06,1.6079,0.1183
2009-11-09,1.6193,0.709
2009-11-10,1.6252,0.3644
2009-11-11,1.6245,-0.0431
2009-11-12,1.6248,0.0185
2009-11-13,1.6362,0.7016
2009-11-16,1.6801,2.683
2009-11-17,1.6839,0.2262
2009-11-18,1.6791,-0.2851
2009-11-19,1.6889,0.5836
2009-11-20,1.6907,0.1066
2009-11-23,1.7083,1.041
2009-11-24,1.6543,-3.161
2009-11-25,1.7035,2.9741
2009-11-26,1.6436,-3.5163
2009-11-27,1.6121,-1.9165
2009-11-30,1.6781,4.094
2009-12-01,1.7084,1.8056
2009-12-02,1.7333,1.4575
2009-12-03,1.7429,0.5539
2009-12-04,1.7247,-1.0442
2009-12-07,1.7317,0.4059
2009-12-08,1.7186,-0.7565
2009-12-09,1.6875,-1.8096
2009-12-10,1.6954,0.4681
2009-12-11,1.6947,-0.0413
2009-12-14,1.7021,0.4367
2009-12-15,1.6995,-0.1528
2009-12-16,1.6878,-0.6884
2009-12-17,1.6355,-3.0987
2009-12-18,1.5877,-2.9227
2009-12-21,1.5946,0.4346
2009-12-22,1.5523,-2.6527
2009-12-23,1.5756,1.501
2009-12-24,1.6356,3.8081
2009-12-25,1.6499,0.8743
2009-12-28,1.6699,1.2122
2009-12-29,1.6741,0.2515
2009-12-30,1.6777,0.215
2009-12-31,1.6855,0.4649
2010-01-04,1.6802,-0.3144
2010-01-05,1.6958,0.9285
2010-01-06,1.7009,0.3007
2010-01-07,1.6686,-1.899
2010-01-08,1.6658,-0.1678
2010-01-11,1.666,0.012
2010-01-12,1.7023,2.1789
2010-01-13,1.6737,-1.6801
2010-01-14,1.712,2.2883
2010-01-15,1.7226,0.6192
2010-01-18,1.7321,0.5515
2010-01-19,1.7207,-0.6582
2010-01-20,1.6565,-3.731
2010-01-21,1.6539,-0.157
2010-01-22,1.6086,-2.739
2010-01-25,1.5943,-0.889
2010-01-26,1.5477,-2.9229
2010-01-27,1.5389,-0.5686
2010-01-28,1.5531,0.9227
2010-01-29,1.562,0.573
2010-02-01,1.5331,-1.8502
2010-02-02,1.5245,-0.561
2010-02-03,1.5534,1.8957
2010-02-04,1.5497,-0.2382
2010-02-05,1.5198,-1.9294
2010-02-08,1.5219,0.1382
2010-02-09,1.5273,0.3548
2010-02-10,1.5582,2.0232
2010-02-11,1.5584,0.0128
2010-02-12,1.5837,1.6235
2010-02-22,1.5777,-0.3789
2010-02-23,1.5785,0.0507
2010-02-24,1.6113,2.0779
2010-02-25,1.6328,1.3343
2010-02-26,1.6254,-0.4532
2010-03-01,1.6382,0.7875
2010-03-02,1.637,-0.0733
2010-03-03,1.6498,0.7819
2010-03-04,1.6058,-2.667
2010-03-05,1.6068,0.0623
2010-03-08,1.6221,0.9522
2010-03-09,1.6246,0.1541
2010-03-10,1.6043,-1.2495
2010-03-11,1.5917,-0.7854
2010-03-12,1.5778,-0.8733
2010-03-15,1.5576,-1.2803
2010-03-16,1.5622,0.2953
2010-03-17,1.6013,2.5029
2010-03-18,1.6003,-0.0624
2010-03-19,1.6065,0.3874
2010-03-22,1.6234,1.052
2010-03-23,1.6185,-0.3018
2010-03-24,1.6256,0.4387
2010-03-25,1.6158,-0.6029
2010-03-26,1.6326,1.0397
2010-03-29,1.6572,1.5068
2010-03-30,1.672,0.8931
2010-03-31,1.6708,-0.0718
2010-04-01,1.6974,1.5921
2010-04-02,1.7074,0.5891
2010-04-06,1.7105,0.1816
2010-04-07,1.7102,-0.0175
2010-04-08,1.7013,-0.5204
2010-04-09,1.7262,1.4636
2010-04-12,1.7346,0.4866
2010-04-13,1.7206,-0.8071
2010-04-14,1.7341,0.7846
2010-04-15,1.7125,-1.2456
2010-04-16,1.7056,-0.4029
2010-04-19,1.634,-4.1979
2010-04-20,1.6453,0.6916
2010-04-21,1.6887,2.6378
2010-04-22,1.6983,0.5685
2010-04-23,1.6906,-0.4534
2010-04-26,1.6872,-0.2011
2010-04-27,1.6537,-1.9855
2010-04-28,1.6457,-0.4838
2010-04-29,1.5991,-2.8316
2010-04-30,1.58,-1.1944
2010-05-04,1.5703,-0.6139
2010-05-05,1.6015,1.9869
2010-05-06,1.547,-3.4031
2010-05-07,1.5047,-2.7343
2010-05-10,1.4851,-1.3026
2010-05-11,1.4577,-1.845
2010-05-12,1.4429,-1.0153
2010-05-13,1.4814,2.6682
2010-05-14,1.4818,0.027
2010-05-17,1.4091,-4.9062
2010-05-18,1.4357,1.8877
2010-05-19,1.4529,1.198
2010-05-20,1.4448,-0.5575
2010-05-21,1.4871,2.9277
2010-05-24,1.5379,3.416
2010-05-25,1.5175,-1.3265
2010-05-26,1.5158,-0.112
2010-05-27,1.5421,1.7351
2010-05-28,1.5434,0.0843
2010-05-31,1.5082,-2.2807
2010-06-01,1.4834,-1.6443
2010-06-02,1.4963,0.8696
2010-06-03,1.4896,-0.4478
2010-06-04,1.4915,0.1276
2010-06-07,1.4862,-0.3553
2010-06-08,1.5036,1.1708
2010-06-09,1.534,2.0218
2010-06-10,1.5431,0.5932
2010-06-11,1.5403,-0.1815
2010-06-17,1.5103,-1.9477
2010-06-18,1.46,-3.3305
2010-06-21,1.4897,2.0342
2010-06-22,1.497,0.49
2010-06-23,1.4855,-0.7682
2010-06-24,1.4878,0.1548
2010-06-25,1.4608,-1.8148
2010-06-28,1.4371,-1.6224
2010-06-29,1.3664,-4.9196
2010-06-30,1.3448,-1.5808
2010-07-01,1.3177,-2.0152
2010-07-02,1.3019,-1.1991
2010-07-05,1.2942,-0.5914
2010-07-06,1.3234,2.2562
2010-07-07,1.345,1.6322
2010-07-08,1.3438,-0.0892
2010-07-09,1.3816,2.8129
2010-07-12,1.3989,1.2522
2010-07-13,1.382,-1.2081
2010-07-14,1.3872,0.3763
2010-07-15,1.3634,-1.7157
2010-07-16,1.3631,-0.022
2010-07-19,1.3892,1.9148
2010-07-20,1.428,2.793
2010-07-21,1.4355,0.5252
2010-07-22,1.453,1.2191
2010-07-23,1.455,0.1376
2010-07-26,1.4708,1.0859
2010-07-27,1.4687,-0.1428
2010-07-28,1.4967,1.9064
2010-07-29,1.5023,0.3742
2010-07-30,1.5014,-0.0599
2010-08-02,1.5285,1.805
2010-08-03,1.5097,-1.23
2010-08-04,1.5192,0.6293
2010-08-05,1.5227,0.2304
2010-08-06,1.551,1.8585
2010-08-09,1.5784,1.7666
2010-08-10,1.5348,-2.7623
2010-08-11,1.5541,1.2575
2010-08-12,1.5388,-0.9845
2010-08-13,1.5636,1.6116
2010-08-16,1.596,2.0721
2010-08-17,1.616,1.2531
2010-08-18,1.6233,0.4517
2010-08-19,1.6214,-0.117
2010-08-20,1.5812,-2.4793
2010-08-23,1.5847,0.2214
2010-08-24,1.5972,0.7888
2010-08-25,1.5693,-1.7468
2010-08-26,1.5841,0.9431
2010-08-27,1.6075,1.4772
2010-08-30,1.6525,2.7994
2010-08-31,1.671,1.1195
2010-09-01,1.6537,-1.0353
2010-09-02,1.6826,1.7476
2010-09-03,1.6928,0.6062
2010-09-06,1.6788,-0.827
2010-09-07,1.681,0.131
2010-09-08,1.7044,1.392
2010-09-09,1.6771,-1.6017
2010-09-10,1.7045,1.6338
2010-09-13,1.7385,1.9947
2010-09-14,1.7549,0.9433
2010-09-15,1.7137,-2.3477
2010-09-16,1.684,-1.7331
2010-09-17,1.6866,0.1544
2010-09-20,1.6737,-0.7649
2010-09-21,1.6713,-0.1434
2010-09-27,1.7105,2.3455
2010-09-28,1.6941,-0.9588
2010-09-29,1.6705,-1.3931
2010-09-30,1.7008,1.8138
2010-10-08,1.7373,2.146
2010-10-11,1.7237,-0.7828
2010-10-12,1.7356,0.6904
2010-10-13,1.7367,0.0634
2010-10-14,1.6923,-2.5566
2010-10-15,1.6915,-0.0473
2010-10-18,1.6731,-1.0878
2010-10-19,1.7288,3.3291
2010-10-20,1.7463,1.0123
2010-10-21,1.7563,0.5726
2010-10-22,1.7841,1.5829
2010-10-25,1.8288,2.5055
2010-10-26,1.8296,0.0437
2010-10-27,1.814,-0.8526
2010-10-28,1.8345,1.1301
2010-10-29,1.8587,1.3192
2010-11-01,1.907,2.5986
2010-11-02,1.8908,-0.8495
2010-11-03,1.85,-2.1578
2010-11-04,1.8871,2.0054
2010-11-05,1.9126,1.3513
2010-11-08,1.9446,1.6731
2010-11-09,1.9537,0.468
2010-11-10,1.9577,0.2047
2010-11-11,1.9515,-0.3167
2010-11-12,1.8627,-4.5503
2010-11-15,1.9245,3.3178
2010-11-16,1.885,-2.0525
2010-11-17,1.8279,-3.0292
2010-11-18,1.8458,0.9793
2010-11-19,1.9132,3.6515
2010-11-22,1.9461,1.7196
2010-11-23,1.9267,-0.9969
2010-11-24,1.9758,2.5484
2010-11-25,1.9783,0.1265
2010-11-26,1.9746,-0.187
2010-11-29,1.9874,0.6482
2010-11-30,1.9572,-1.5196
2010-12-01,1.9461,-0.5671
2010-12-02,1.9507,0.2364
2010-12-03,1.9327,-0.9227
2010-12-06,1.9105,-1.1487
2010-12-07,1.9446,1.7849
2010-12-08,1.9388,-0.2983
2010-12-09,1.9064,-1.6711
2010-12-10,1.9277,1.1173
2010-12-13,1.9826,2.848
2010-12-14,1.9943,0.5901
2010-12-15,1.9876,-0.336
2010-12-16,1.9828,-0.2415
2010-12-17,1.9854,0.1311
2010-12-20,1.9708,-0.7354
2010-12-21,1.9893,0.9387
2010-12-22,1.9705,-0.9451
2010-12-23,1.9392,-1.5884
2010-12-24,1.9124,-1.382
2010-12-27,1.8729,-2.0655
2010-12-28,1.84,-1.7566
2010-12-29,1.8695,1.6033
2010-12-30,1.8879,0.9842
2010-12-31,1.931,2.283
2011-01-04,1.949,0.9322
2011-01-05,1.9419,-0.3643
2011-01-06,1.9253,-0.8548
2011-01-07,1.9078,-0.9089
2011-01-10,1.859,-2.5579
2011-01-11,1.8419,-0.9198
2011-01-12,1.8398,-0.114
2011-01-13,1.8456,0.3153
2011-01-14,1.8139,-1.7176
2011-01-17,1.7381,-4.1788
2011-01-18,1.7386,0.0288
2011-01-19,1.78,2.3812
2011-01-20,1.7259,-3.0393
2011-01-21,1.7249,-0.0579
2011-01-24,1.6768,-2.7886
2011-01-25,1.6697,-0.4234
2011-01-26,1.6948,1.5033
2011-01-27,1.731,2.1359
2011-01-28,1.7518,1.2016
2011-01-31,1.7775,1.4671
2011-02-01,1.7765,-0.0563
2011-02-09,1.7606,-0.895
2011-02-10,1.8029,2.4026
2011-02-11,1.8241,1.1759
2011-02-14,1.8684,2.4286
2011-02-15,1.8708,0.1285
2011-02-16,1.9002,1.5715
2011-02-17,1.909,0.4631
2011-02-18,1.8829,-1.3672
2011-02-21,1.9163,1.7739
2011-02-22,1.8781,-1.9934
2011-02-23,1.8972,1.017
2011-02-24,1.904,0.3584
2011-02-25,1.8962,-0.4097
2011-02-28,1.9222,1.3712
2011-03-01,1.9282,0.3121
2011-03-02,1.9219,-0.3267
2011-03-03,1.8799,-2.1853
2011-03-04,1.899,1.016
2011-03-07,1.9207,1.1427
2011-03-08,1.919,-0.0885
2011-03-09,1.9326,0.7087
2011-03-10,1.9199,-0.6571
2011-03-11,1.9081,-0.6146
2011-03-14,1.9192,0.5817
2011-03-15,1.9016,-0.917
2011-03-16,1.9263,1.2989
2011-03-17,1.9071,-0.9967
2011-03-18,1.91,0.1521
2011-03-21,1.898,-0.6283
2011-03-22,1.8919,-0.3214
2011-03-23,1.9169,1.3214
2011-03-24,1.92,0.1617
2011-03-25,1.9356,0.8125
2011-03-28,1.9217,-0.7181
2011-03-29,1.8773,-2.3105
2011-03-30,1.8574,-1.06
2011-03-31,1.8405,-0.9099
2011-04-01,1.8596,1.0378
2011-04-06,1.8475,-0.6507
2011-04-07,1.8587,0.6062
2011-04-08,1.8857,1.4526
2011-04-11,1.8725,-0.7
2011-04-12,1.8639,-0.4593
2011-04-13,1.8812,0.9282
2011-04-14,1.8733,-0.4199
2011-04-15,1.8608,-0.6673
2011-04-18,1.8626,0.0967
2011-04-19,1.8571,-0.2953
2011-04-20,1.8721,0.8077
2011-04-21,1.8882,0.86
2011-04-22,1.8868,-0.0741
2011-04-25,1.8599,-1.4257
2011-04-26,1.844,-0.8549
2011-04-27,1.818,-1.41
2011-04-28,1.7698,-2.6513
2011-04-29,1.7982,1.6047
2011-05-03,1.8145,0.9065
2011-05-04,1.7767,-2.0832
2011-05-05,1.7764,-0.0169
2011-05-06,1.7789,0.1407
2011-05-09,1.7896,0.6015
2011-05-10,1.803,0.7488
2011-05-11,1.8059,0.1608
2011-05-12,1.7815,-1.3511
2011-05-13,1.7869,0.3031
2011-05-16,1.785,-0.1063
2011-05-17,1.7824,-0.1457
2011-05-18,1.7873,0.2749
2011-05-19,1.7862,-0.0615
2011-05-20,1.7812,-0.2799
2011-05-23,1.7143,-3.7559
2011-05-24,1.7185,0.245
2011-05-25,1.6972,-1.2395
2011-05-26,1.6774,-1.1666
2011-05-27,1.6544,-1.3712
2011-05-30,1.6405,-0.8402
2011-05-31,1.6686,1.7129
2011-06-01,1.6834,0.887
2011-06-02,1.6698,-0.8079
2011-06-03,1.6972,1.6409
2011-06-07,1.7153,1.0665
2011-06-08,1.7167,0.0816
2011-06-09,1.6852,-1.8349
2011-06-10,1.6774,-0.4629
2011-06-13,1.679,0.0954
2011-06-14,1.696,1.0125
2011-06-15,1.6782,-1.0495
2011-06-16,1.647,-1.8591
2011-06-17,1.6318,-0.9229
2011-06-20,1.6181,-0.8396
2011-06-21,1.6381,1.236
2011-06-22,1.6378,-0.0183
2011-06-23,1.6676,1.8195
2011-06-24,1.6974,1.787
2011-06-27,1.713,0.9191
2011-06-28,1.7197,0.3911
2011-06-29,1.7038,-0.9246
2011-06-30,1.7264,1.3264
2011-07-01,1.736,0.5561
2011-07-04,1.7761,2.3099
2011-07-05,1.7857,0.5405
2011-07-06,1.7849,-0.0448
2011-07-07,1.7918,0.3866
2011-07-08,1.7987,0.3851
2011-07-11,1.8191,1.1342
2011-07-12,1.8001,-1.0445
2011-07-13,1.8309,1.711
2011-07-14,1.8405,0.5243
2011-07-15,1.846,0.2988
2011-07-18,1.844,-0.1083
2011-07-19,1.8243,-1.0683
2011-07-20,1.8254,0.0603
2011-07-21,1.8067,-1.0244
2011-07-22,1.8106,0.2159
2011-07-25,1.7532,-3.1702
2011-07-26,1.7633,0.5761
2011-07-27,1.791,1.5709
2011-07-28,1.7966,0.3127
2011-07-29,1.7744,-1.2357
2011-08-01,1.783,0.4847
2011-08-02,1.782,-0.0561
2011-08-03,1.7855,0.1964
2011-08-04,1.7933,0.4369
2011-08-05,1.775,-1.0205
2011-08-08,1.7205,-3.0704
2011-08-09,1.7322,0.68
2011-08-10,1.758,1.4894
2011-08-11,1.7859,1.587
2011-08-12,1.7918,0.3304
2011-08-15,1.8031,0.6307
2011-08-16,1.7904,-0.7043
2011-08-17,1.7802,-0.5697
2011-08-18,1.7561,-1.3538
2011-08-19,1.7448,-0.6435
2011-08-22,1.7208,-1.3755
2011-08-23,1.7445,1.3773
2011-08-24,1.7493,0.2752
2011-08-25,1.7791,1.7035
2011-08-26,1.7825,0.1911
2011-08-29,1.7756,-0.3871
2011-08-30,1.7653,-0.5801
2011-08-31,1.7588,-0.3682
2011-09-01,1.746,-0.7278
2011-09-02,1.7284,-1.008
2011-09-05,1.6905,-2.1928
2011-09-06,1.6753,-0.8991
2011-09-07,1.7068,1.8803
2011-09-08,1.6953,-0.6738
2011-09-09,1.6837,-0.6842
2011-09-13,1.6556,-1.6689
2011-09-14,1.6665,0.6584
2011-09-15,1.6679,0.084
2011-09-16,1.6699,0.1199
2011-09-19,1.6406,-1.7546
2011-09-20,1.642,0.0853
2011-09-21,1.6876,2.7771
2011-09-22,1.6456,-2.4887
2011-09-23,1.6387,-0.4193
2011-09-26,1.6231,-0.952
2011-09-27,1.6302,0.4374
2011-09-28,1.6152,-0.9201
2011-09-29,1.5881,-1.6778
2011-09-30,1.5848,-0.2078
2011-10-10,1.5677,-1.079
2011-10-11,1.5472,-1.3076
2011-10-12,1.5922,2.9085
2011-10-13,1.6055,0.8353
2011-10-14,1.596,-0.5917
2011-10-17,1.6082,0.7644
2011-10-18,1.5658,-2.6365
2011-10-19,1.551,-0.9452
2011-10-20,1.5098,-2.6564
2011-10-21,1.483,-1.7751
2011-10-24,1.5029,1.3419
2011-10-25,1.5432,2.6815
2011-10-26,1.5558,0.8165
2011-10-27,1.5536,-0.1414
2011-10-28,1.587,2.1498
2011-10-31,1.5935,0.4096
2011-11-01,1.5955,0.1255
2011-11-02,1.6175,1.3789
2011-11-03,1.6281,0.6553
2011-11-04,1.6344,0.387
2011-11-07,1.6285,-0.361
2011-11-08,1.6226,-0.3623
2011-11-09,1.6368,0.8751
2011-11-10,1.6217,-0.9225
2011-11-11,1.6145,-0.444
2011-11-14,1.65,2.1988
2011-11-15,1.6566,0.4
2011-11-16,1.6168,-2.4025
2011-11-17,1.6199,0.1917
2011-11-18,1.5882,-1.9569
2011-11-21,1.5844,-0.2393
2011-11-22,1.5816,-0.1767
2011-11-23,1.5785,-0.196
2011-11-24,1.5777,-0.0507
2011-11-25,1.5676,-0.6402
2011-11-28,1.5736,0.3828
2011-11-29,1.5971,1.4934
2011-11-30,1.5566,-2.5358
2011-12-01,1.5824,1.6575
2011-12-02,1.5536,-1.82
2011-12-05,1.5142,-2.536
2011-12-06,1.512,-0.1453
2011-12-07,1.5135,0.0992
2011-12-08,1.5075,-0.3964
2011-12-09,1.4958,-0.7761
2011-12-12,1.482,-0.9226
2011-12-13,1.4504,-2.1323
2011-12-14,1.4317,-1.2893
2011-12-15,1.4074,-1.6973
2011-12-16,1.4396,2.2879
2011-12-19,1.4412,0.1111
2011-12-20,1.4337,-0.5204
2011-12-21,1.4095,-1.6879
2011-12-22,1.4139,0.3122
2011-12-23,1.4183,0.3112
2011-12-26,1.4083,-0.7051
2011-12-27,1.3815,-1.903
2011-12-28,1.3759,-0.4054
2011-12-29,1.3783,0.1744
2011-12-30,1.4045,1.9009
2011-12-31,1.4044,-0.0071
2012-01-04,1.3672,-2.6488
2012-01-05,1.3127,-3.9862
2012-01-06,1.3137,0.0762
2012-01-09,1.3526,2.9611
2012-01-10,1.3997,3.4822
2012-01-11,1.3977,-0.1429
2012-01-12,1.391,-0.4794
2012-01-13,1.3439,-3.3861
2012-01-16,1.2917,-3.8842
2012-01-17,1.3508,4.5754
2012-01-18,1.3198,-2.2949
2012-01-19,1.3398,1.5154
2012-01-20,1.3596,1.4778
2012-01-30,1.3515,-0.5958
2012-01-31,1.3578,0.4661
2012-02-01,1.3476,-0.7512
2012-02-02,1.3662,1.3802
2012-02-03,1.3851,1.3834
2012-02-06,1.4001,1.083
2012-02-07,1.3807,-1.3856
2012-02-08,1.4156,2.5277
2012-02-09,1.4204,0.3391
2012-02-10,1.4249,0.3168
2012-02-13,1.4304,0.386
2012-02-14,1.4242,-0.4334
2012-02-15,1.4402,1.1234
2012-02-16,1.4382,-0.1389
2012-02-17,1.4354,-0.1947
2012-02-20,1.4394,0.2787
2012-02-21,1.4556,1.1255
2012-02-22,1.4785,1.5732
2012-02-23,1.4908,0.8319
2012-02-24,1.5095,1.2544
2012-02-27,1.5121,0.1722
2012-02-28,1.4997,-0.8201
2012-02-29,1.4883,-0.7602
2012-03-01,1.4894,0.0739
2012-03-02,1.5112,1.4637
2012-03-05,1.5032,-0.5294
2012-03-06,1.4816,-1.4369
2012-03-07,1.4718,-0.6614
2012-03-08,1.4913,1.3249
2012-03-09,1.5182,1.8038
2012-03-12,1.5236,0.3557
2012-03-13,1.5411,1.1486
2012-03-14,1.5028,-2.4852
2012-03-15,1.4965,-0.4192
2012-03-16,1.5232,1.7842
2012-03-19,1.5314,0.5383
2012-03-20,1.5,-2.0504
2012-03-21,1.5041,0.2733
2012-03-22,1.4975,-0.4388
2012-03-23,1.4734,-1.6093
2012-03-26,1.4756,0.1493
2012-03-27,1.4703,-0.3592
2012-03-28,1.4183,-3.5367
2012-03-29,1.4083,-0.7051
2012-03-30,1.4095,0.0852
2012-03-31,1.4094,-0.0071
2012-04-05,1.445,2.5259
2012-04-06,1.4514,0.4429
2012-04-09,1.4365,-1.0266
2012-04-10,1.4463,0.6822
2012-04-11,1.4428,-0.242
2012-04-12,1.4663,1.6288
2012-04-13,1.4799,0.9275
2012-04-16,1.4814,0.1014
2012-04-17,1.4612,-1.3636
2012-04-18,1.4911,2.0463
2012-04-19,1.4848,-0.4225
2012-04-20,1.4864,0.1078
2012-04-23,1.4695,-1.137
2012-04-24,1.4531,-1.116
2012-04-25,1.4703,1.1837
2012-04-26,1.4755,0.3537
2012-04-27,1.4734,-0.1423
2012-05-02,1.5068,2.2669
2012-05-03,1.5135,0.4447
2012-05-04,1.5299,1.0836
2012-05-07,1.5432,0.8693
2012-05-08,1.541,-0.1426
2012-05-09,1.5139,-1.7586
2012-05-10,1.5204,0.4294
2012-05-11,1.5141,-0.4144
2012-05-14,1.5033,-0.7133
2012-05-15,1.5063,0.1996
2012-05-16,1.4891,-1.1419
2012-05-17,1.5003,0.7521
2012-05-18,1.484,-1.0864
2012-05-21,1.5022,1.2264
2012-05-22,1.5224,1.3447
2012-05-23,1.5209,-0.0985
2012-05-24,1.5132,-0.5063
2012-05-25,1.496,-1.1367
2012-05-28,1.5145,1.2366
2012-05-29,1.5443,1.9676
2012-05-30,1.5459,0.1036
2012-05-31,1.5407,-0.3364
2012-06-01,1.5416,0.0584
2012-06-04,1.5027,-2.5234
2012-06-05,1.4978,-0.3261
2012-06-06,1.4865,-0.7544
2012-06-07,1.4778,-0.5853
2012-06-08,1.4746,-0.2165
2012-06-11,1.5053,2.0819
2012-06-12,1.5167,0.7573
2012-06-13,1.5406,1.5758
2012-06-14,1.525,-1.0126
2012-06-15,1.5164,-0.5639
2012-06-18,1.532,1.0288
2012-06-19,1.5183,-0.8943
2012-06-20,1.5113,-0.461
2012-06-21,1.4924,-1.2506
2012-06-25,1.4621,-2.0303
2012-06-26,1.4495,-0.8618
2012-06-27,1.4456,-0.2691
2012-06-28,1.4295,-1.1137
2012-06-29,1.4525,1.609
2012-06-30,1.4524,-0.0069
2012-07-02,1.4626,0.7023
2012-07-03,1.4614,-0.082
2012-07-04,1.4521,-0.6364
2012-07-05,1.435,-1.1776
2012-07-06,1.4668,2.216
2012-07-09,1.4518,-1.0226
2012-07-10,1.438,-0.9505
2012-07-11,1.4522,0.9875
2012-07-12,1.4767,1.6871
2012-07-13,1.476,-0.0474
2012-07-16,1.4333,-2.893
2012-07-17,1.4317,-0.1116
2012-07-18,1.4315,-0.014
2012-07-19,1.4373,0.4052
2012-07-20,1.427,-0.7166
2012-07-23,1.4075,-1.3665
2012-07-24,1.4136,0.4334
2012-07-25,1.4014,-0.863
2012-07-26,1.3982,-0.2283
2012-07-27,1.3881,-0.7224
2012-07-30,1.3839,-0.3026
2012-07-31,1.3768,-0.513
2012-08-01,1.3981,1.5471
2012-08-02,1.3846,-0.9656
2012-08-03,1.4022,1.2711
2012-08-06,1.4291,1.9184
2012-08-07,1.4405,0.7977
2012-08-08,1.4351,-0.3749
2012-08-09,1.4558,1.4424
2012-08-10,1.4527,-0.2129
2012-08-13,1.4271,-1.7622
2012-08-14,1.4284,0.0911
2012-08-15,1.4177,-0.7491
2012-08-16,1.4089,-0.6207
2012-08-17,1.4027,-0.4401
2012-08-20,1.4017,-0.0713
2012-08-21,1.4118,0.7206
2012-08-22,1.4031,-0.6162
2012-08-23,1.4002,-0.2067
2012-08-24,1.3882,-0.857
2012-08-27,1.3665,-1.5632
2012-08-28,1.3655,-0.0732
2012-08-29,1.3583,-0.5273
2012-08-30,1.3395,-1.3841
2012-08-31,1.3407,0.0896
2012-09-03,1.3635,1.7006
2012-09-04,1.3527,-0.7921
2012-09-05,1.3565,0.2809
2012-09-06,1.3624,0.4349
2012-09-07,1.3994,2.7158
2012-09-10,1.4039,0.3216
2012-09-11,1.3943,-0.6838
2012-09-12,1.3986,0.3084
2012-09-13,1.392,-0.4719
2012-09-14,1.3876,-0.3161
2012-09-17,1.3628,-1.7873
2012-09-18,1.3589,-0.2862
2012-09-19,1.3654,0.4783
2012-09-20,1.346,-1.4208
2012-09-21,1.3435,-0.1857
2012-09-24,1.3511,0.5657
2012-09-25,1.3547,0.2664
2012-09-26,1.3364,-1.3509
2012-09-27,1.3571,1.5489
2012-09-28,1.3756,1.3632
2012-09-30,1.3755,-0.0073
2012-10-08,1.3707,-0.349
2012-10-09,1.3963,1.8677
2012-10-10,1.4004,0.2936
2012-10-11,1.3861,-1.0211
2012-10-12,1.3778,-0.5988
2012-10-15,1.3747,-0.225
2012-10-16,1.3846,0.7202
2012-10-17,1.3829,-0.1228
2012-10-18,1.405,1.5981
2012-10-19,1.401,-0.2847
2012-10-22,1.4159,1.0635
2012-10-23,1.394,-1.5467
2012-10-24,1.3832,-0.7747
2012-10-25,1.3746,-0.6217
2012-10-26,1.3628,-0.8584
2012-10-29,1.3582,-0.3375
2012-10-30,1.3621,0.2871
2012-10-31,1.3765,1.0572
2012-11-01,1.3939,1.2641
2012-11-02,1.394,0.0072
2012-11-05,1.3917,-0.165
2012-11-06,1.3936,0.1365
2012-11-07,1.3846,-0.6458
2012-11-08,1.3741,-0.7583
2012-11-09,1.3655,-0.6259
2012-11-12,1.3652,-0.022
2012-11-13,1.3539,-0.8277
2012-11-14,1.3596,0.421
2012-11-15,1.3544,-0.3825
2012-11-16,1.3424,-0.886
2012-11-19,1.3369,-0.4097
2012-11-20,1.3356,-0.0972
2012-11-21,1.3424,0.5091
2012-11-22,1.3292,-0.9833
2012-11-23,1.3409,0.8802
2012-11-26,1.327,-1.0366
2012-11-27,1.3073,-1.4846
2012-11-28,1.297,-0.7879
2012-11-29,1.2981,0.0848
2012-11-30,1.3175,1.4945
2012-12-03,1.3089,-0.6528
2012-12-04,1.3128,0.298
2012-12-05,1.3432,2.3157
2012-12-06,1.3391,-0.3052
2012-12-07,1.347,0.5899
2012-12-10,1.3548,0.5791
2012-12-11,1.3514,-0.251
2012-12-12,1.3502,-0.0888
2012-12-13,1.3462,-0.2963
2012-12-14,1.3863,2.9788
2012-12-17,1.3799,-0.4617
2012-12-18,1.3682,-0.8479
2012-12-19,1.3719,0.2704
2012-12-20,1.3799,0.5831
2012-12-21,1.3849,0.3623
2012-12-24,1.4035,1.3431
2012-12-25,1.4347,2.223
2012-12-26,1.4492,1.0107
2012-12-27,1.4405,-0.6003
2012-12-28,1.4539,0.9302
2012-12-31,1.4782,1.6714
2013-01-04,1.4681,-0.6833
2013-01-07,1.4851,1.158
2013-01-08,1.487,0.1279
2013-01-09,1.4934,0.4304
2013-01-10,1.4925,-0.0603
2013-01-11,1.4744,-1.2127
2013-01-14,1.5227,3.2759
2013-01-15,1.5279,0.3415
2013-01-16,1.5303,0.1571
2013-01-17,1.5254,-0.3202
2013-01-18,1.558,2.1371
2013-01-21,1.5524,-0.3594
2013-01-22,1.5347,-1.1402
2013-01-23,1.5348,0.0065
2013-01-24,1.5201,-0.9578
2013-01-25,1.5295,0.6184
2013-01-28,1.5574,1.8241
2013-01-29,1.5626,0.3339
2013-01-30,1.5643,0.1088
2013-01-31,1.547,-1.1059
2013-02-01,1.5689,1.4156
2013-02-04,1.5587,-0.6501
2013-02-05,1.585,1.6873
2013-02-06,1.5964,0.7192
2013-02-07,1.6139,1.0962
2013-02-08,1.6381,1.4995
2013-02-18,1.6244,-0.8363
2013-02-19,1.5835,-2.5179
2013-02-20,1.6206,2.3429
2013-02-21,1.5995,-1.302
2013-02-22,1.5904,-0.5689
2013-02-25,1.5945,0.2578
2013-02-26,1.5656,-1.8125
2013-02-27,1.5639,-0.1086
2013-02-28,1.6005,2.3403
2013-03-01,1.6138,0.831
2013-03-04,1.5503,-3.9348
2013-03-05,1.5805,1.948
2013-03-06,1.5879,0.4682
2013-03-07,1.5666,-1.3414
2013-03-08,1.5554,-0.7149
2013-03-11,1.5626,0.4629
2013-03-12,1.5466,-1.0239
2013-03-13,1.5324,-0.9181
2013-03-14,1.5482,1.0311
2013-03-15,1.5478,-0.0258
2013-03-18,1.5397,-0.5233
2013-03-19,1.544,0.2793
2013-03-20,1.5808,2.3834
2013-03-21,1.5899,0.5757
2013-03-22,1.5955,0.3522
2013-03-25,1.5972,0.1065
2013-03-26,1.6044,0.4508
2013-03-27,1.6109,0.4051
2013-03-28,1.5855,-1.5768
2013-03-29,1.5835,-0.1261
2013-04-01,1.5859,0.1516
2013-04-02,1.5604,-1.6079
2013-04-03,1.5462,-0.91
2013-04-08,1.5448,-0.0905
2013-04-09,1.5511,0.4078
2013-04-10,1.5404,-0.6898
2013-04-11,1.5407,0.0195
2013-04-12,1.5377,-0.1947
2013-04-15,1.5359,-0.1171
2013-04-16,1.5471,0.7292
2013-04-17,1.5698,1.4673
2013-04-18,1.5646,-0.3313
2013-04-19,1.5886,1.5339
2013-04-22,1.5792,-0.5917
2013-04-23,1.5486,-1.9377
2013-04-24,1.5667,1.1688
2013-04-25,1.5521,-0.9319
2013-04-26,1.5324,-1.2692
2013-05-02,1.5362,0.248
2013-05-03,1.5677,2.0505
2013-05-06,1.5852,1.1163
2013-05-07,1.5884,0.2019
2013-05-08,1.605,1.0451
2013-05-09,1.6043,-0.0436
2013-05-10,1.6061,0.1122
2013-05-13,1.5932,-0.8032
2013-05-14,1.5652,-1.7575
2013-05-15,1.5751,0.6325
2013-05-16,1.6025,1.7396
2013-05-17,1.6369,2.1466
2013-05-20,1.6461,0.562
2013-05-21,1.6448,-0.079
2013-05-22,1.6414,-0.2067
2013-05-23,1.6257,-0.9565
2013-05-24,1.6342,0.5229
2013-05-27,1.6429,0.5324
2013-05-28,1.6646,1.3208
2013-05-29,1.6698,0.3124
2013-05-30,1.6723,0.1497
2013-05-31,1.6553,-1.0166
2013-06-03,1.655,-0.0181
2013-06-04,1.6386,-0.9909
2013-06-05,1.6403,0.1037
2013-06-06,1.621,-1.1766
2013-06-07,1.5957,-1.5608
2013-06-13,1.5546,-2.5757
2013-06-14,1.5788,1.5567
2013-06-17,1.5805,0.1077
2013-06-18,1.603,1.4236
2013-06-19,1.6034,0.025
2013-06-20,1.5696,-2.108
2013-06-21,1.5693,-0.0191
2013-06-24,1.4981,-4.5371
2013-06-25,1.5003,0.1469
2013-06-26,1.5181,1.1864
2013-06-27,1.5314,0.8761
2013-06-28,1.5475,1.0513
2013-06-30,1.5474,-0.0065
2013-07-01,1.5812,2.1843
2013-07-02,1.6042,1.4546
2013-07-03,1.611,0.4239
2013-07-04,1.6134,0.149
2013-07-05,1.6155,0.1302
2013-07-08,1.5999,-0.9656
2013-07-09,1.5852,-0.9188
2013-07-10,1.6072,1.3878
2013-07-11,1.6431,2.2337
2013-07-12,1.6295,-0.8277
2013-07-15,1.6558,1.614
2013-07-16,1.6625,0.4046
2013-07-17,1.6335,-1.7444
2013-07-18,1.6125,-1.2856
2013-07-19,1.5701,-2.6295
2013-07-22,1.5878,1.1273
2013-07-23,1.629,2.5948
2013-07-24,1.6275,-0.0921
2013-07-25,1.621,-0.3994
2013-07-26,1.6129,-0.4997
2013-07-29,1.5872,-1.5934
2013-07-30,1.5866,-0.0378
2013-07-31,1.5904,0.2395
2013-08-01,1.6189,1.792
2013-08-02,1.6323,0.8277
2013-08-05,1.6578,1.5622
2013-08-06,1.6567,-0.0664
2013-08-07,1.6574,0.0423
2013-08-08,1.6525,-0.2956
2013-08-09,1.6648,0.7443
2013-08-12,1.6858,1.2614
2013-08-13,1.6801,-0.3381
2013-08-14,1.6672,-0.7678
2013-08-15,1.6449,-1.3376
2013-08-16,1.629,-0.9666
2013-08-19,1.6573,1.7373
2013-08-20,1.6621,0.2896
2013-08-21,1.6463,-0.9506
2013-08-22,1.6481,0.1093
2013-08-23,1.6447,-0.2063
2013-08-26,1.6586,0.8451
2013-08-27,1.6579,-0.0422
2013-08-28,1.6372,-1.2486
2013-08-29,1.6321,-0.3115
2013-08-30,1.6282,-0.239
2013-09-02,1.615,-0.8107
2013-09-03,1.6364,1.3251
2013-09-04,1.6378,0.0856
2013-09-05,1.6455,0.4701
2013-09-06,1.6385,-0.4254
2013-09-09,1.6604,1.3366
2013-09-10,1.6686,0.4939
2013-09-11,1.6661,-0.1498
2013-09-12,1.6589,-0.4321
2013-09-13,1.6701,0.6751
2013-09-16,1.6683,-0.1078
2013-09-17,1.6464,-1.3127
2013-09-18,1.6433,-0.1883
2013-09-23,1.6651,1.3266
2013-09-24,1.6654,0.018
2013-09-25,1.6564,-0.5404
2013-09-26,1.6522,-0.2536
2013-09-27,1.6558,0.2179
2013-09-30,1.6556,-0.0121
2013-10-08,1.6783,1.3711
2013-10-09,1.683,0.28
2013-10-10,1.7017,1.1111
2013-10-11,1.7142,0.7346
2013-10-14,1.7098,-0.2567
2013-10-15,1.7235,0.8013
2013-10-16,1.7167,-0.3945
2013-10-17,1.708,-0.5068
2013-10-18,1.7125,0.2635
2013-10-21,1.7555,2.5109
2013-10-22,1.7363,-1.0937
2013-10-23,1.7049,-1.8084
2013-10-24,1.6987,-0.3637
2013-10-25,1.6791,-1.1538
2013-10-28,1.6729,-0.3692
2013-10-29,1.6706,-0.1375
2013-10-30,1.6897,1.1433
2013-10-31,1.6661,-1.3967
2013-11-01,1.6736,0.4502
2013-11-04,1.6662,-0.4422
2013-11-05,1.6616,-0.2761
2013-11-06,1.6371,-1.4745
2013-11-07,1.6183,-1.1484
2013-11-08,1.6047,-0.8404
2013-11-11,1.6097,0.3116
2013-11-12,1.6324,1.4102
2013-11-13,1.6038,-1.752
2013-11-14,1.6056,0.1122
2013-11-15,1.6285,1.4263
2013-11-18,1.6499,1.3141
2013-11-19,1.6295,-1.2364
2013-11-20,1.6338,0.2639
2013-11-21,1.615,-1.1507
2013-11-22,1.6067,-0.5139
2013-11-25,1.6008,-0.3672
2013-11-26,1.5996,-0.075
2013-11-27,1.6041,0.2813
2013-11-28,1.6313,1.6957
2013-11-29,1.6304,-0.0552
2013-12-02,1.6034,-1.656
2013-12-03,1.6199,1.0291
2013-12-04,1.6325,0.7778
2013-12-05,1.6256,-0.4227
2013-12-06,1.6197,-0.3629
2013-12-09,1.6199,0.0123
2013-12-10,1.6191,-0.0494
2013-12-11,1.6035,-0.9635
2013-12-12,1.6089,0.3368
2013-12-13,1.6174,0.5283
2013-12-16,1.609,-0.5194
2013-12-17,1.6136,0.2859
2013-12-18,1.6095,-0.2541
2013-12-19,1.5961,-0.8326
2013-12-20,1.5793,-1.0526
2013-12-23,1.5802,0.057
2013-12-24,1.5795,-0.0443
2013-12-25,1.5991,1.2409
2013-12-26,1.5856,-0.8442
2013-12-27,1.602,1.0343
2013-12-30,1.6052,0.1998
2013-12-31,1.6203,0.9407
2014-01-02,1.6119,-0.5184
2014-01-03,1.5993,-0.7817
2014-01-06,1.5627,-2.2885
2014-01-07,1.5616,-0.0704
2014-01-08,1.5686,0.4483
2014-01-09,1.5575,-0.7076
2014-01-10,1.5488,-0.5586
2014-01-13,1.5329,-1.0266
2014-01-14,1.5519,1.2395
2014-01-15,1.5544,0.1611
2014-01-16,1.5577,0.2123
2014-01-17,1.5332,-1.5728
2014-01-20,1.5294,-0.2478
2014-01-21,1.5354,0.3923
2014-01-22,1.5789,2.8331
2014-01-23,1.5824,0.2217
2014-01-24,1.5929,0.6635
2014-01-27,1.5759,-1.0672
2014-01-28,1.5692,-0.4252
2014-01-29,1.5602,-0.5735
2014-01-30,1.5436,-1.064
2014-02-07,1.5554,0.7644
2014-02-10,1.5906,2.2631
2014-02-11,1.5981,0.4715
2014-02-12,1.603,0.3066
2014-02-13,1.5879,-0.942
2014-02-14,1.6018,0.8754
2014-02-17,1.613,0.6992
2014-02-18,1.6026,-0.6448
2014-02-19,1.6005,-0.131
2014-02-20,1.5942,-0.3936
2014-02-21,1.5827,-0.7214
2014-02-24,1.548,-2.1925
2014-02-25,1.5142,-2.1835
2014-02-26,1.5045,-0.6406
2014-02-27,1.4738,-2.0405
2014-02-28,1.5132,2.6734
2014-03-03,1.5424,1.9297
2014-03-04,1.5316,-0.7002
2014-03-05,1.5279,-0.2416
2014-03-06,1.5565,1.8719
2014-03-07,1.5625,0.3855
2014-03-10,1.5288,-2.1568
2014-03-11,1.5552,1.7268
2014-03-12,1.5482,-0.4501
2014-03-13,1.569,1.3435
2014-03-14,1.5529,-1.0261
2014-03-17,1.5732,1.3072
2014-03-18,1.5731,-0.0064
2014-03-19,1.5535,-1.2459
2014-03-20,1.526,-1.7702
2014-03-21,1.5703,2.903
2014-03-24,1.581,0.6814
2014-03-25,1.58,-0.0633
2014-03-26,1.5755,-0.2848
2014-03-27,1.5563,-1.2187
2014-03-28,1.5346,-1.3943
2014-03-31,1.5473,0.8276
2014-04-01,1.5718,1.5834
2014-04-02,1.5883,1.0498
2014-04-03,1.5759,-0.7807
2014-04-04,1.5902,0.9074
2014-04-08,1.603,0.8049
2014-04-09,1.6134,0.6488
2014-04-10,1.6202,0.4215
2014-04-11,1.6416,1.3208
2014-04-14,1.652,0.6335
2014-04-15,1.6341,-1.0835
2014-04-16,1.6353,0.0734
2014-04-17,1.6304,-0.2996
2014-04-18,1.6301,-0.0184
2014-04-21,1.6046,-1.5643
2014-04-22,1.5998,-0.2991
2014-04-23,1.608,0.5126
2014-04-24,1.6031,-0.3047
2014-04-25,1.5702,-2.0523
2014-04-28,1.541,-1.8596
2014-04-29,1.5642,1.5055
2014-04-30,1.5766,0.7927
2014-05-05,1.5764,-0.0127
2014-05-06,1.5776,0.0761
2014-05-07,1.5678,-0.6212
2014-05-08,1.566,-0.1148
2014-05-09,1.5543,-0.7471
2014-05-12,1.5696,0.9844
2014-05-13,1.5787,0.5798
2014-05-14,1.5749,-0.2407
2014-05-15,1.5506,-1.543
2014-05-16,1.5533,0.1741
2014-05-19,1.526,-1.7575
2014-05-20,1.5185,-0.4915
2014-05-21,1.5397,1.3961
2014-05-22,1.5465,0.4416
2014-05-23,1.5635,1.0993
2014-05-26,1.5764,0.8251
2014-05-27,1.5698,-0.4187
2014-05-28,1.5842,0.9173
2014-05-29,1.578,-0.3914
2014-05-30,1.5776,-0.0253
2014-06-03,1.5626,-0.9508
2014-06-04,1.546,-1.0623
2014-06-05,1.5627,1.0802
2014-06-06,1.557,-0.3648
2014-06-09,1.5573,0.0193
2014-06-10,1.571,0.8797
2014-06-11,1.5815,0.6684
2014-06-12,1.5851,0.2276
2014-06-13,1.5893,0.265
2014-06-16,1.5896,0.0189
2014-06-17,1.5774,-0.7675
2014-06-18,1.5704,-0.4438
2014-06-19,1.5556,-0.9424
2014-06-20,1.5572,0.1029
2014-06-23,1.5692,0.7706
2014-06-24,1.5862,1.0834
2014-06-25,1.5808,-0.3404
2014-06-26,1.5965,0.9932
2014-06-27,1.6015,0.3132
2014-06-30,1.6091,0.4746
2014-07-01,1.5969,-0.7582
2014-07-02,1.5925,-0.2755
2014-07-03,1.5984,0.3705
2014-07-04,1.6012,0.1752
2014-07-07,1.608,0.4247
2014-07-08,1.6139,0.3669
2014-07-09,1.5882,-1.5924
2014-07-10,1.5765,-0.7367
2014-07-11,1.5842,0.4884
2014-07-14,1.6132,1.8306
2014-07-15,1.6359,1.4071
2014-07-16,1.6332,-0.165
2014-07-17,1.6234,-0.6
2014-07-18,1.6604,2.2792
2014-07-21,1.6681,0.4637
2014-07-22,1.687,1.133
2014-07-23,1.6863,-0.0415
2014-07-24,1.7115,1.4944
2014-07-25,1.7187,0.4207
2014-07-28,1.748,1.7048
2014-07-29,1.7382,-0.5606
2014-07-30,1.7232,-0.863
2014-07-31,1.7449,1.2593
2014-08-01,1.74,-0.2808
2014-08-04,1.7638,1.3678
2014-08-05,1.7577,-0.3458
2014-08-06,1.7439,-0.7851
2014-08-07,1.7191,-1.4221
2014-08-08,1.7204,0.0756
2014-08-11,1.7439,1.366
2014-08-12,1.7403,-0.2064
2014-08-13,1.7384,-0.1092
2014-08-14,1.7242,-0.8168
2014-08-15,1.7391,0.8642
2014-08-18,1.7398,0.0403
2014-08-19,1.7364,-0.1954
2014-08-20,1.7376,0.0691
2014-08-21,1.7317,-0.3395
2014-08-22,1.7432,0.6641
2014-08-25,1.7189,-1.394
2014-08-26,1.7034,-0.9017
2014-08-27,1.7003,-0.182
2014-08-28,1.6893,-0.6469
2014-08-29,1.7084,1.1306
2014-09-01,1.7201,0.6849
2014-09-02,1.7407,1.1976
2014-09-03,1.7577,0.9766
2014-09-04,1.7641,0.3641
2014-09-05,1.7773,0.7483
2014-09-09,1.7637,-0.7652
2014-09-10,1.7583,-0.3062
2014-09-11,1.7399,-1.0465
2014-09-12,1.7411,0.069
2014-09-15,1.7283,-0.7352
2014-09-16,1.6937,-2.002
2014-09-17,1.7075,0.8148
2014-09-18,1.7105,0.1757
2014-09-19,1.718,0.4385
2014-09-22,1.6854,-1.8976
2014-09-23,1.6996,0.8425
2014-09-24,1.7179,1.0767
2014-09-25,1.7123,-0.326
2014-09-26,1.7061,-0.3621
2014-09-29,1.7094,0.1934
2014-09-30,1.7106,0.0702
2014-10-08,1.7364,1.5082
2014-10-09,1.7392,0.1613
2014-10-10,1.735,-0.2415
2014-10-13,1.7225,-0.7205
2014-10-14,1.7171,-0.3135
2014-10-15,1.7161,-0.0582
2014-10-16,1.6936,-1.3111
2014-10-17,1.7136,1.1809
2014-10-20,1.7138,0.0117
2014-10-21,1.7062,-0.4435
2014-10-22,1.6915,-0.8616
2014-10-23,1.6718,-1.1646
2014-10-24,1.6699,-0.1136
2014-10-27,1.6563,-0.8144
2014-10-28,1.6657,0.5675
2014-10-29,1.6826,1.0146
2014-10-30,1.6815,-0.0654
2014-10-31,1.6956,0.8385
2014-11-03,1.6958,0.0118
2014-11-04,1.6815,-0.8433
2014-11-05,1.668,-0.8029
2014-11-06,1.6752,0.4317
2014-11-07,1.6705,-0.2806
2014-11-10,1.7055,2.0952
2014-11-11,1.6972,-0.4867
2014-11-12,1.7186,1.2609
2014-11-13,1.7121,-0.3782
2014-11-14,1.7246,0.7301
2014-11-17,1.7269,0.1334
2014-11-18,1.7027,-1.4014
2014-11-19,1.6978,-0.2878
2014-11-20,1.6869,-0.642
2014-11-21,1.7088,1.2982
2014-11-24,1.7442,2.0716
2014-11-25,1.7607,0.946
2014-11-26,1.7652,0.2556
2014-11-27,1.7671,0.1076
2014-11-28,1.7909,1.3468
2014-12-01,1.8216,1.7142
2014-12-02,1.8455,1.312
2014-12-03,1.8814,1.9453
2014-12-04,1.9331,2.748
2014-12-05,1.8889,-2.2865
2014-12-08,1.9376,2.5782
2014-12-09,1.8745,-3.2566
2014-12-10,1.9612,4.6252
2014-12-11,1.9671,0.3008
2014-12-12,1.9757,0.4372
2014-12-15,1.96,-0.7947
2014-12-16,1.9572,-0.1429
2014-12-17,1.9662,0.4598
2014-12-18,1.9672,0.0509
2014-12-19,1.9512,-0.8133
2014-12-22,1.9504,-0.041
2014-12-23,1.9727,1.1434
2014-12-24,1.9324,-2.0429
2014-12-25,1.9624,1.5525
2014-12-26,1.9989,1.86
2014-12-29,2.0406,2.0861
2014-12-30,2.0507,0.495
2014-12-31,2.1295,3.8426
2015-01-05,2.2374,5.0669
2015-01-06,2.2317,-0.2548
2015-01-07,2.2203,-0.5108
2015-01-08,2.2017,-0.8377
2015-01-09,2.192,-0.4406
2015-01-12,2.1903,-0.0776
2015-01-13,2.2082,0.8172
2015-01-14,2.1782,-1.3586
2015-01-15,2.214,1.6436
2015-01-16,2.2228,0.3975
2015-01-19,2.114,-4.8947
2015-01-20,2.1734,2.8098
2015-01-21,2.2309,2.6456
2015-01-22,2.241,0.4527
2015-01-23,2.2243,-0.7452
2015-01-26,2.2445,0.9082
2015-01-27,2.2391,-0.2406
2015-01-28,2.213,-1.1656
2015-01-29,2.188,-1.1297
2015-01-30,2.184,-0.1828
2015-02-02,2.1554,-1.3095
2015-02-03,2.172,0.7702
2015-02-04,2.1522,-0.9116
2015-02-05,2.1291,-1.0733
2015-02-06,2.1102,-0.8877
2015-02-09,2.132,1.0331
2015-02-10,2.1484,0.7692
2015-02-11,2.1584,0.4655
2015-02-12,2.1737,0.7089
2015-02-13,2.1787,0.23
2015-02-16,2.1844,0.2616
2015-02-17,2.2074,1.0529
2015-02-25,2.2087,0.0589
2015-02-26,2.232,1.0549
2015-02-27,2.2281,-0.1747
2015-03-02,2.2345,0.2872
2015-03-03,2.1948,-1.7767
2015-03-04,2.2132,0.8383
2015-03-05,2.1946,-0.8404
2015-03-06,2.186,-0.3919
2015-03-09,2.2221,1.6514
2015-03-10,2.2164,-0.2565
2015-03-11,2.2226,0.2797
2015-03-12,2.2378,0.6839
2015-03-13,2.2383,0.0223
2015-03-16,2.281,1.9077
2015-03-17,2.2973,0.7146
2015-03-18,2.331,1.4669
2015-03-19,2.3208,-0.4376
2015-03-20,2.3302,0.405
2015-03-23,2.3697,1.6951
2015-03-24,2.36,-0.4093
2015-03-25,2.3593,-0.0297
2015-03-26,2.3884,1.2334
2015-03-27,2.4002,0.4941
2015-03-30,2.4539,2.2373
2015-03-31,2.4347,-0.7824
2015-04-01,2.4771,1.7415
2015-04-02,2.4928,0.6338
2015-04-03,2.5053,0.5014
2015-04-07,2.5448,1.5767
2015-04-08,2.5435,-0.0511
2015-04-09,2.5148,-1.1284
2015-04-10,2.5749,2.3899
2015-04-13,2.6123,1.4525
2015-04-14,2.5993,-0.4976
2015-04-15,2.5583,-1.5773
2015-04-16,2.678,4.6789
2015-04-17,2.6847,0.2502
2015-04-20,2.6373,-1.7656
2015-04-21,2.7649,4.8383
2015-04-22,2.8048,1.4431
2015-04-23,2.7966,-0.2924
2015-04-24,2.7695,-0.969
2015-04-27,2.7976,1.0146
2015-04-28,2.7436,-1.9302
2015-04-29,2.7947,1.8625
2015-04-30,2.8202,0.9124
2015-05-04,2.8454,0.8936
2015-05-05,2.7393,-3.7288
2015-05-06,2.7294,-0.3614
2015-05-07,2.7298,0.0147
2015-05-08,2.7813,1.8866
2015-05-11,2.8344,1.9092
2015-05-12,2.8267,-0.2717
2015-05-13,2.8428,0.5696
2015-05-14,2.811,-1.1186
2015-05-15,2.783,-0.9961
2015-05-18,2.7547,-1.0169
2015-05-19,2.8252,2.5593
2015-05-20,2.8884,2.237
2015-05-21,2.9537,2.2608
2015-05-22,3.0067,1.7944
2015-05-25,3.0924,2.8503
2015-05-26,3.137,1.4422
2015-05-27,3.0822,-1.7469
2015-05-28,2.9455,-4.4351
2015-05-29,2.9412,-0.146
2015-06-01,3.0564,3.9168
2015-06-02,3.0918,1.1582
2015-06-03,3.0641,-0.8959
2015-06-04,3.0288,-1.1521
2015-06-05,3.0595,1.0136
2015-06-08,3.103,1.4218
2015-06-09,3.0921,-0.3513
2015-06-10,3.1034,0.3654
2015-06-11,3.1128,0.3029
2015-06-12,3.1435,0.9863
2015-06-15,3.1602,0.5313
2015-06-16,3.1046,-1.7594
2015-06-17,3.1122,0.2448
2015-06-18,3.0268,-2.744
2015-06-19,2.8964,-4.3082
2015-06-23,3.0228,4.364
2015-06-24,3.0855,2.0742
2015-06-25,3.0077,-2.5215
2015-06-26,2.8396,-5.589
2015-06-29,2.8252,-0.5071
2015-06-30,2.933,3.8157
2015-07-01,2.8366,-3.2867
2015-07-02,2.7214,-4.0612
2015-07-03,2.5997,-4.472
2015-07-06,2.6376,1.4579
2015-07-07,2.5196,-4.4738
2015-07-08,2.3528,-6.6201
2015-07-09,2.5488,8.3305
2015-07-10,2.7476,7.7997
2015-07-13,2.841,3.3993
2015-07-14,2.763,-2.7455
2015-07-15,2.6894,-2.6638
2015-07-16,2.7228,1.2419
2015-07-17,2.8032,2.9528
2015-07-20,2.7795,-0.8455
2015-07-21,2.7803,0.0288
2015-07-22,2.7806,0.0108
2015-07-23,2.8025,0.7876
2015-07-24,2.7729,-1.0562
2015-07-27,2.5812,-6.9133
2015-07-28,2.623,1.6194
2015-07-29,2.6662,1.647
2015-07-30,2.6176,-1.8228
2015-07-31,2.6472,1.1308
2015-08-03,2.7008,2.0248
2015-08-04,2.7428,1.5551
2015-08-05,2.697,-1.6698
2015-08-06,2.6964,-0.0222
2015-08-07,2.7184,0.8159
2015-08-10,2.7822,2.347
2015-08-11,2.7662,-0.5751
2015-08-12,2.7215,-1.6159
2015-08-13,2.7375,0.5879
2015-08-14,2.7396,0.0767
2015-08-17,2.7524,0.4672
2015-08-18,2.6189,-4.8503
2015-08-19,2.6514,1.241
2015-08-20,2.5855,-2.4855
2015-08-21,2.488,-3.771
2015-08-24,2.3151,-6.9494
2015-08-25,2.2492,-2.8465
2015-08-26,2.3189,3.0989
2015-08-27,2.4307,4.8213
2015-08-28,2.4763,1.876
2015-08-31,2.4567,-0.7915
2015-09-01,2.4062,-2.0556
2015-09-02,2.4353,1.2094
2015-09-07,2.3774,-2.3775
2015-09-08,2.4295,2.1915
2015-09-09,2.4532,0.9755
2015-09-10,2.4175,-1.4552
2015-09-11,2.3868,-1.2699
2015-09-14,2.3467,-1.6801
2015-09-15,2.2957,-2.1733
2015-09-16,2.3997,4.5302
2015-09-17,2.3434,-2.3461
2015-09-18,2.3643,0.8919
2015-09-21,2.4063,1.7764
2015-09-22,2.4107,0.1829
2015-09-23,2.3724,-1.5888
2015-09-24,2.3843,0.5016
2015-09-25,2.3508,-1.405
2015-09-28,2.3726,0.9273
2015-09-29,2.3608,-0.4973
2015-09-30,2.3781,0.7328
2015-10-08,2.4398,2.5945
2015-10-09,2.4502,0.4263
2015-10-12,2.5073,2.3304
2015-10-13,2.5193,0.4786
2015-10-14,2.4826,-1.4568
2015-10-15,2.5228,1.6193
2015-10-16,2.5488,1.0306
2015-10-19,2.5593,0.412
2015-10-20,2.5631,0.1485
2015-10-21,2.4396,-4.8184
2015-10-22,2.488,1.9839
2015-10-23,2.5397,2.078
2015-10-26,2.5714,1.2482
2015-10-27,2.5842,0.4978
2015-10-28,2.5539,-1.1725
2015-10-29,2.5839,1.1747
2015-10-30,2.6015,0.6811
2015-11-02,2.5853,-0.6227
2015-11-03,2.5696,-0.6073
2015-11-04,2.6542,3.2923
2015-11-05,2.6721,0.6744
2015-11-06,2.6933,0.7934
2015-11-09,2.6907,-0.0965
2015-11-10,2.6771,-0.5054
2015-11-11,2.679,0.071
2015-11-12,2.6694,-0.3583
2015-11-13,2.6453,-0.9028
2015-11-16,2.6464,0.0416
2015-11-17,2.6429,-0.1323
2015-11-18,2.617,-0.98
2015-11-19,2.6404,0.8942
2015-11-20,2.6392,-0.0454
2015-11-23,2.6184,-0.7881
2015-11-24,2.612,-0.2444
2015-11-25,2.6247,0.4862
2015-11-26,2.6206,-0.1562
2015-11-27,2.5264,-3.5946
2015-11-30,2.535,0.3404
2015-12-01,2.5592,0.9546
2015-12-02,2.62,2.3757
2015-12-03,2.6228,0.1069
2015-12-04,2.5967,-0.9951
2015-12-07,2.6116,0.5738
2015-12-08,2.5671,-1.7039
2015-12-09,2.5734,0.2454
2015-12-10,2.5662,-0.2798
2015-12-11,2.5811,0.5806
2015-12-14,2.6099,1.1158
2015-12-15,2.6219,0.4598
2015-12-16,2.5988,-0.881
2015-12-17,2.6338,1.3468
2015-12-18,2.6433,0.3607
2015-12-21,2.7589,4.3733
2015-12-22,2.7574,-0.0544
2015-12-23,2.7341,-0.845
2015-12-24,2.7157,-0.673
2015-12-25,2.7118,-0.1436
2015-12-28,2.6493,-2.3047
2015-12-29,2.6909,1.5702
2015-12-30,2.6985,0.2824
2015-12-31,2.6786,-0.7374
2016-01-04,2.5149,-6.1114
2016-01-05,2.5459,1.2327
2016-01-06,2.5818,1.4101
2016-01-07,2.4203,-6.2553
2016-01-08,2.467,1.9295
2016-01-11,2.3603,-4.3251
2016-01-12,2.3716,0.4788
2016-01-13,2.3508,-0.877
2016-01-14,2.3941,1.8419
2016-01-15,2.3231,-2.9656
2016-01-18,2.3265,0.1464
2016-01-19,2.3943,2.9142
2016-01-20,2.3513,-1.7959
2016-01-21,2.2893,-2.6368
2016-01-22,2.3087,0.8474
2016-01-25,2.3279,0.8316
2016-01-26,2.2248,-4.4289
2016-01-27,2.2194,-0.2427
2016-01-28,2.1913,-1.2661
2016-01-29,2.2534,2.8339
2016-02-01,2.2489,-0.1997
2016-02-02,2.2973,2.1522
2016-02-03,2.2852,-0.5267
2016-02-04,2.2985,0.582
2016-02-05,2.2859,-0.5482
2016-02-15,2.2686,-0.7568
2016-02-16,2.329,2.6624
2016-02-17,2.3385,0.4079
2016-02-18,2.3269,-0.496
2016-02-19,2.3236,-0.1418
2016-02-22,2.3754,2.2293
2016-02-23,2.3685,-0.2905
2016-02-24,2.3799,0.4813
2016-02-25,2.2509,-5.4204
2016-02-26,2.2802,1.3017
2016-02-29,2.2116,-3.0085
2016-03-01,2.2474,1.6187
2016-03-02,2.3405,4.1426
2016-03-03,2.3424,0.0812
2016-03-04,2.3627,0.8666
2016-03-07,2.3839,0.8973
2016-03-08,2.3688,-0.6334
2016-03-09,2.3488,-0.8443
2016-03-10,2.3381,-0.4556
2016-03-11,2.335,-0.1326
2016-03-14,2.37,1.4989
2016-03-15,2.3696,-0.0169
2016-03-16,2.3543,-0.6457
2016-03-17,2.3904,1.5334
2016-03-18,2.4242,1.414
2016-03-21,2.4522,1.155
2016-03-22,2.4543,0.0856
2016-03-23,2.4485,-0.2363
2016-03-24,2.4489,0.0163
2016-03-25,2.4697,0.8494
2016-03-28,2.4911,0.8665
2016-03-29,2.4644,-1.0718
2016-03-30,2.5064,1.7043
2016-03-31,2.5139,0.2992
2016-04-01,2.5019,-0.4773
2016-04-05,2.5263,0.9753
2016-04-06,2.5426,0.6452
2016-04-07,2.5043,-1.5063
2016-04-08,2.4868,-0.6988
2016-04-11,2.5003,0.5429
2016-04-12,2.489,-0.4519
2016-04-13,2.5009,0.4781
2016-04-14,2.5156,0.5878
2016-04-15,2.5102,-0.2147
2016-04-18,2.4807,-1.1752
2016-04-19,2.4924,0.4716
2016-04-20,2.4426,-1.9981
2016-04-21,2.4353,-0.2989
2016-04-22,2.4616,1.0799
2016-04-25,2.4635,0.0772
2016-04-26,2.4779,0.5845
2016-04-27,2.4783,0.0161
2016-04-28,2.4802,0.0767
2016-04-29,2.4988,0.7499
2016-05-03,2.587,3.5297
2016-05-04,2.5792,-0.3015
2016-05-05,2.5739,-0.2055
2016-05-06,2.5221,-2.0125
2016-05-09,2.5072,-0.5908
2016-05-10,2.521,0.5504
2016-05-11,2.5779,2.257
2016-05-12,2.5763,-0.0621
2016-05-13,2.5611,-0.59
2016-05-16,2.5824,0.8317
2016-05-17,2.5588,-0.9139
2016-05-18,2.5245,-1.3405
2016-05-19,2.5191,-0.2139
2016-05-20,2.5396,0.8138
2016-05-23,2.549,0.3701
2016-05-24,2.5204,-1.122
2016-05-25,2.5042,-0.6428
2016-05-26,2.5082,0.1597
2016-05-27,2.5115,0.1316
2016-05-30,2.5151,0.1433
2016-05-31,2.5851,2.7832
2016-06-01,2.5888,0.1431
2016-06-02,2.5933,0.1738
2016-06-03,2.652,2.2635
2016-06-06,2.668,0.6033
2016-06-07,2.6736,0.2099
2016-06-08,2.6504,-0.8677
2016-06-13,2.587,-2.3921
2016-06-14,2.6235,1.4109
2016-06-15,2.6747,1.9516
2016-06-16,2.666,-0.3253
2016-06-17,2.709,1.6129
2016-06-20,2.7126,0.1329
2016-06-21,2.6872,-0.9364
2016-06-22,2.71,0.8485
2016-06-23,2.698,-0.4428
2016-06-24,2.6733,-0.9155
2016-06-27,2.7351,2.3117
2016-06-28,2.738,0.106
2016-06-29,2.7424,0.1607
2016-06-30,2.7511,0.3172
2016-07-01,2.7508,-0.0109
2016-07-04,2.7781,0.9924
2016-07-05,2.7857,0.2736
2016-07-06,2.8528,2.4087
2016-07-07,2.8467,-0.2138
2016-07-08,2.8487,0.0703
2016-07-11,2.8843,1.2497
2016-07-12,2.967,2.8672
2016-07-13,2.9378,-0.9842
2016-07-14,2.9282,-0.3268
2016-07-15,2.9627,1.1782
2016-07-18,2.9617,-0.0338
2016-07-19,2.9147,-1.5869
2016-07-20,2.9112,-0.1201
2016-07-21,2.9311,0.6836
2016-07-22,2.8779,-1.815
2016-07-25,2.8902,0.4274
2016-07-26,2.95,2.0691
2016-07-27,2.9125,-1.2712
2016-07-28,2.9762,2.1871
2016-07-29,2.9935,0.5813
2016-08-01,2.9401,-1.7839
2016-08-02,2.931,-0.3095
2016-08-03,2.944,0.4435
2016-08-04,2.93,-0.4755
2016-08-05,2.8988,-1.0648
2016-08-08,2.9155,0.5761
2016-08-09,2.9424,0.9227
2016-08-10,2.9395,-0.0986
2016-08-11,2.9423,0.0953
2016-08-12,2.9498,0.2549
2016-08-15,3.0152,2.2171
2016-08-16,3.0117,-0.1161
2016-08-17,3.0087,-0.0996
2016-08-18,2.9949,-0.4587
2016-08-19,2.9822,-0.4241
2016-08-22,2.9771,-0.171
2016-08-23,2.9836,0.2183
2016-08-24,2.9631,-0.6871
2016-08-25,2.9423,-0.702
2016-08-26,2.9416,-0.0238
2016-08-29,2.9459,0.1462
2016-08-30,2.9467,0.0272
2016-08-31,2.9586,0.4038
2016-09-01,2.9468,-0.3988
2016-09-02,2.936,-0.3665
2016-09-05,2.9485,0.4257
2016-09-06,2.9685,0.6783
2016-09-07,2.9606,-0.2661
2016-09-08,2.9583,-0.0777
2016-09-09,2.9419,-0.5544
2016-09-12,2.8777,-2.1823
2016-09-13,2.8909,0.4587
2016-09-14,2.8729,-0.6226
2016-09-19,2.8972,0.8458
2016-09-20,2.8953,-0.0656
2016-09-21,2.9037,0.2901
2016-09-22,2.9236,0.6853
2016-09-23,2.9208,-0.0958
2016-09-26,2.877,-1.4996
2016-09-27,2.8969,0.6917
2016-09-28,2.8935,-0.1174
2016-09-29,2.9056,0.4182
2016-09-30,2.939,1.1495
2016-10-10,2.9666,0.9391
2016-10-11,2.9689,0.0775
2016-10-12,2.9619,-0.2358
2016-10-13,2.9473,-0.4929
2016-10-14,2.9393,-0.2714
2016-10-17,2.9246,-0.5001
2016-10-18,2.9542,1.0121
2016-10-19,2.942,-0.413
2016-10-20,2.9366,-0.1835
2016-10-21,2.9201,-0.5619
2016-10-24,2.9322,0.4144
2016-10-25,2.9713,1.3335
2016-10-26,2.979,0.2591
2016-10-27,2.9692,-0.329
2016-10-28,2.9583,-0.3671
2016-10-31,2.9509,-0.2501
2016-11-01,2.9747,0.8065
2016-11-02,2.955,-0.6623
2016-11-03,2.9644,0.3181
2016-11-04,2.9457,-0.6308
2016-11-07,2.9343,-0.387
2016-11-08,2.9598,0.869
2016-11-09,2.9458,-0.473
2016-11-10,2.9685,0.7706
2016-11-11,2.9533,-0.512
2016-11-14,2.9325,-0.7043
2016-11-15,2.9589,0.9003
2016-11-16,2.952,-0.2332
2016-11-17,2.9603,0.2812
2016-11-18,2.9486,-0.3952
2016-11-21,2.9494,0.0271
2016-11-22,2.9541,0.1594
2016-11-23,2.9674,0.4502
2016-11-24,2.9784,0.3707
2016-11-25,2.9854,0.235
2016-11-28,3.0007,0.5125
2016-11-29,3.0443,1.453
2016-11-30,3.0079,-1.1957
2016-12-01,3.0102,0.0765
2016-12-02,2.9836,-0.8837
2016-12-05,2.9617,-0.734
2016-12-06,2.9822,0.6922
2016-12-07,2.9862,0.1341
2016-12-08,2.9981,0.3985
2016-12-09,2.9953,-0.0934
2016-12-12,2.9252,-2.3403
2016-12-13,2.9441,0.6461
2016-12-14,2.9152,-0.9816
2016-12-15,2.896,-0.6586
2016-12-16,2.9139,0.6181
2016-12-19,2.905,-0.3054
2016-12-20,2.8919,-0.4509
2016-12-21,2.9151,0.8022
2016-12-22,2.8984,-0.5729
2016-12-23,2.8728,-0.8832
2016-12-26,2.8738,0.0348
2016-12-27,2.884,0.3549
2016-12-28,2.8818,-0.0763
2016-12-29,2.8774,-0.1527
2016-12-30,2.901,0.8202
2016-12-31,2.9008,-0.0069
2017-01-03,2.9263,0.8721
2017-01-04,2.9722,1.5685
2017-01-05,2.9585,-0.4609
2017-01-06,2.9605,0.0676
2017-01-09,2.9714,0.3682
2017-01-10,2.9729,0.0505
2017-01-11,2.9392,-1.1336
2017-01-12,2.9165,-0.7723
2017-01-13,2.915,-0.0514
2017-01-16,2.9026,-0.4254
2017-01-17,2.919,0.565
2017-01-18,2.9462,0.9318
2017-01-19,2.9443,-0.0645
2017-01-20,2.9664,0.7506
2017-01-23,2.9652,-0.0405
2017-01-24,2.9688,0.1214
2017-01-25,2.9718,0.1011
2017-01-26,2.9676,-0.1413
2017-02-03,2.9543,-0.4482
2017-02-06,2.9697,0.5213
2017-02-07,2.961,-0.293
2017-02-08,2.9708,0.331
2017-02-09,2.9899,0.6429
2017-02-10,2.9851,-0.1605
2017-02-13,3.0251,1.34
2017-02-14,3.0244,-0.0231
2017-02-15,3.0209,-0.1157
2017-02-16,3.0316,0.3542
2017-02-17,3.0483,0.5509
2017-02-20,3.1211,2.3882
2017-02-21,3.123,0.0609
2017-02-22,3.1415,0.5924
2017-02-23,3.1459,0.1401
2017-02-24,3.1506,0.1494
2017-02-27,3.1017,-1.5521
2017-02-28,3.1171,0.4965
2017-03-01,3.119,0.061
2017-03-02,3.1005,-0.5931
2017-03-03,3.1172,0.5386
2017-03-06,3.1573,1.2864
2017-03-07,3.1909,1.0642
2017-03-08,3.1803,-0.3322
2017-03-09,3.1701,-0.3207
2017-03-10,3.1851,0.4732
2017-03-13,3.2211,1.1303
2017-03-14,3.2123,-0.2732
2017-03-15,3.237,0.7689
2017-03-16,3.2355,-0.0463
2017-03-17,3.2281,-0.2287
2017-03-20,3.2445,0.508
2017-03-21,3.2951,1.5596
2017-03-22,3.3254,0.9195
2017-03-23,3.3144,-0.3308
2017-03-24,3.3259,0.347
2017-03-27,3.2868,-1.1756
2017-03-28,3.2899,0.0943
2017-03-29,3.2951,0.1581
2017-03-30,3.2743,-0.6312
2017-03-31,3.2958,0.6566
2017-04-05,3.3146,0.5704
2017-04-06,3.3184,0.1146
2017-04-07,3.32,0.0482
2017-04-10,3.2903,-0.8946
2017-04-11,3.2766,-0.4164
2017-04-12,3.3121,1.0834
2017-04-13,3.3548,1.2892
2017-04-14,3.3252,-0.8823
2017-04-17,3.3419,0.5022
2017-04-18,3.3973,1.6577
2017-04-19,3.3937,-0.106
2017-04-20,3.4424,1.435
2017-04-21,3.4217,-0.6013
2017-04-24,3.4074,-0.4179
2017-04-25,3.4572,1.4615
2017-04-26,3.4349,-0.645
2017-04-27,3.4372,0.067
2017-04-28,3.4117,-0.7419
2017-05-02,3.439,0.8002
2017-05-03,3.4436,0.1338
2017-05-04,3.4343,-0.2701
2017-05-05,3.4347,0.0116
2017-05-08,3.3945,-1.1704
2017-05-09,3.3965,0.0589
2017-05-10,3.3885,-0.2355
2017-05-11,3.4368,1.4254
2017-05-12,3.4512,0.419
2017-05-15,3.4827,0.9127
2017-05-16,3.5485,1.8893
2017-05-17,3.5075,-1.1554
2017-05-18,3.4974,-0.288
2017-05-19,3.5352,1.0808
2017-05-22,3.541,0.1641
2017-05-23,3.5606,0.5535
2017-05-24,3.5416,-0.5336
2017-05-25,3.5306,-0.3106
2017-05-26,3.5369,0.1784
2017-05-31,3.5466,0.2743
2017-06-01,3.557,0.2932
2017-06-02,3.5456,-0.3205
2017-06-05,3.5326,-0.3667
2017-06-06,3.568,1.0021
2017-06-07,3.6104,1.1883
2017-06-08,3.6485,1.0553
2017-06-09,3.2981,-0.011
2017-06-12,3.3139,0.4791
2017-06-13,3.3181,0.1267
2017-06-14,3.283,-1.0578
2017-06-15,3.2666,-0.4995
2017-06-16,3.2634,-0.098
2017-06-19,3.2878,0.7477
2017-06-20,3.2752,-0.3832
2017-06-21,3.3317,1.7251
2017-06-22,3.3106,-0.6333
2017-06-23,3.3369,0.7944
2017-06-26,3.3749,1.1388
2017-06-27,3.3762,0.0385
2017-06-28,3.3283,-1.4188
2017-06-29,3.3288,0.015
2017-06-30,3.3362,0.2223
2017-07-03,3.3041,-0.9622
2017-07-04,3.2668,-1.1289
2017-07-05,3.284,0.5265
2017-07-06,3.2704,-0.4141
2017-07-07,3.253,-0.532
2017-07-10,3.2383,-0.4519
2017-07-11,3.2629,0.7597
2017-07-12,3.236,-0.8244
2017-07-13,3.234,-0.0618
2017-07-14,3.2481,0.436
2017-07-17,3.2086,-1.2161
2017-07-18,3.2214,0.3989
2017-07-19,3.2466,0.7823
2017-07-20,3.2781,0.9702
2017-07-21,3.27,-0.2471
2017-07-24,3.2816,0.3547
2017-07-25,3.2762,-0.1646
2017-07-26,3.2309,-1.3827
2017-07-27,3.2398,0.2755
2017-07-28,3.2762,1.1235
2017-07-31,3.2791,0.0885
2017-08-01,3.2984,0.5886
2017-08-02,3.2711,-0.8277
2017-08-03,3.2316,-1.2075
2017-08-04,3.2197,-0.3682
2017-08-07,3.273,1.6554
2017-08-08,3.2723,-0.0214
2017-08-09,3.3158,1.3293
2017-08-10,3.3123,-0.1056
2017-08-11,3.2802,-0.9691
2017-08-14,3.3208,1.2377
2017-08-15,3.3162,-0.1385
2017-08-16,3.2999,-0.4915
2017-08-17,3.2883,-0.3515
2017-08-18,3.3053,0.517
2017-08-21,3.3101,0.1452
2017-08-22,3.2906,-0.5891
2017-08-23,3.2932,0.079
2017-08-24,3.2779,-0.4646
2017-08-25,3.2845,0.2013
2017-08-28,3.3181,1.023
2017-08-29,3.3162,-0.0573
2017-08-30,3.325,0.2654
2017-08-31,3.3219,-0.0932
2017-09-01,3.3123,-0.289
2017-09-04,3.289,-0.7034
2017-09-05,3.3013,0.374
2017-09-06,3.2897,-0.3514
2017-09-07,3.3001,0.3161
2017-09-08,3.2942,-0.1788
2017-09-11,3.2909,-0.1002
2017-09-12,3.2968,0.1793
2017-09-13,3.3254,0.8675
2017-09-14,3.3233,-0.0632
2017-09-15,3.3455,0.668
2017-09-18,3.3639,0.55
2017-09-19,3.3462,-0.5262
2017-09-20,3.3496,0.1016
2017-09-21,3.3435,-0.1821
2017-09-22,3.3498,0.1884
2017-09-25,3.3804,0.9135
2017-09-26,3.362,-0.5443
2017-09-27,3.3586,-0.1011
2017-09-28,3.3851,0.789
2017-09-29,3.3836,-0.0443
2017-10-09,3.4328,1.4541
2017-10-10,3.4565,0.6904
2017-10-11,3.5037,1.3655
2017-10-12,3.5238,0.5737
2017-10-13,3.5425,0.5307
2017-10-16,3.5251,-0.4912
2017-10-17,3.5159,-0.261
2017-10-18,3.5642,1.3738
2017-10-19,3.6012,1.0381
2017-10-20,3.5748,-0.7331
2017-10-23,3.5884,0.3804
2017-10-24,3.6052,0.4682
2017-10-25,3.6436,1.0651
2017-10-26,3.6531,0.2607
2017-10-27,3.7046,1.4098
2017-10-30,3.6883,-0.44
2017-10-31,3.6839,-0.1193
2017-11-01,3.6768,-0.1927
2017-11-02,3.7067,0.8132
2017-11-03,3.7128,0.1646
2017-11-06,3.7998,2.3432
2017-11-07,3.7906,-0.2421
2017-11-08,3.7672,-0.6173
2017-11-09,3.8062,1.0353
2017-11-10,3.8702,1.6815
2017-11-13,3.8539,-0.4212
2017-11-14,3.7852,-1.7826
2017-11-15,3.8255,1.0647
2017-11-16,3.8758,1.3149
2017-11-17,3.8295,-1.1946
2017-11-20,3.8325,0.0783
2017-11-21,3.8674,0.9106
2017-11-22,3.8354,-0.8274
2017-11-23,3.6857,-3.9031
2017-11-24,3.7055,0.5372
2017-11-27,3.6605,-1.2144
2017-11-28,3.7008,1.1009
2017-11-29,3.6392,-1.6645
2017-11-30,3.5963,-1.1788
2017-12-01,3.6113,0.4171
2017-12-04,3.6465,0.9747
2017-12-05,3.6537,0.1974
2017-12-06,3.6318,-0.5994
2017-12-07,3.6061,-0.7076
2017-12-08,3.65,1.2174
2017-12-11,3.7379,2.4082
2017-12-12,3.7087,-0.7812
2017-12-13,3.7835,2.0169
2017-12-14,3.7759,-0.2009
2017-12-15,3.7278,-1.2739
2017-12-18,3.794,1.7758
2017-12-19,3.8306,0.9647
2017-12-20,3.8717,1.0729
2017-12-21,3.901,0.7568
2017-12-22,3.8685,-0.8331
2017-12-25,3.8744,0.1525
2017-12-26,3.8483,-0.6737
2017-12-27,3.7842,-1.6657
2017-12-28,3.852,1.7917
2017-12-29,3.8506,-0.0363
2017-12-31,3.8503,0.0
2018-01-02,3.8648,0.3688
2018-01-03,3.8864,0.5589
2018-01-04,3.9307,1.1399
2018-01-05,3.9297,-0.0254
2018-01-08,3.9559,0.6667
2018-01-09,4.0291,1.8504
2018-01-10,4.0442,0.3748
2018-01-11,4.025,-0.4748
2018-01-12,4.0697,1.1106
2018-01-15,4.0899,0.4964
2018-01-16,4.1163,0.6455
2018-01-17,4.0487,-1.6423
2018-01-18,4.0512,0.0617
2018-01-19,4.0018,-1.2194
2018-01-22,4.1071,2.6313
2018-01-23,4.1376,0.7426
2018-01-24,4.1132,-0.5897
2018-01-25,4.0706,-1.0357
2018-01-26,4.0914,0.511
2018-01-29,3.9564,-3.2996
2018-01-30,3.9465,-0.2502
2018-01-31,4.0019,1.4038
2018-02-01,3.9503,-1.2894
2018-02-02,3.9579,0.1924
2018-02-05,3.8672,-2.2916
2018-02-06,3.7881,-2.0454
2018-02-07,3.6861,-2.6926
2018-02-08,3.7033,0.4666
2018-02-09,3.6028,-2.7138
2018-02-12,3.7108,2.9977
2018-02-13,3.7428,0.8623
2018-02-14,3.8057,1.6806
2018-02-22,3.9036,2.5725
2018-02-23,3.8988,-0.123
2018-02-26,3.9619,1.6184
2018-02-27,3.8868,-1.8956
2018-02-28,3.8466,-1.0343
2018-03-01,3.8914,1.1647
2018-03-02,3.8848,-0.1696
2018-03-05,3.8521,-0.8417
2018-03-06,3.8885,0.9449
2018-03-07,3.8683,-0.5195
2018-03-08,3.9638,2.4688
2018-03-09,3.9923,0.719
2018-03-12,3.9792,-0.3281
2018-03-13,3.9307,-1.2188
2018-03-14,3.9432,0.318
2018-03-15,3.9964,1.3492
2018-03-16,3.9586,-0.9459
2018-03-19,4.0142,1.4045
2018-03-20,4.0128,-0.0349
2018-03-21,3.981,-0.7925
2018-03-22,3.9246,-1.4167
2018-03-23,3.8756,-1.2485
2018-03-26,3.8843,0.2245
2018-03-27,3.8724,-0.3064
2018-03-28,3.7429,-3.3442
2018-03-29,3.7812,1.0233
2018-03-30,3.8176,0.9627
2018-04-02,3.8136,-0.1048
2018-04-03,3.8223,0.2281
2018-04-04,3.8525,0.7901
2018-04-09,3.856,0.0909
2018-04-10,3.9177,1.6001
2018-04-11,3.908,-0.2476
2018-04-12,3.9016,-0.1638
2018-04-13,3.8374,-1.6455
2018-04-16,3.8092,-0.7349
2018-04-17,3.7277,-2.1396
2018-04-18,3.7034,-0.6519
2018-04-19,3.7971,2.5301
2018-04-20,3.7886,-0.2239
2018-04-23,3.7909,0.0607
2018-04-24,3.8773,2.2791
2018-04-25,3.9053,0.7222
2018-04-26,3.7935,-2.8628
2018-04-27,3.8189,0.6696
2018-05-02,3.8851,1.7335
2018-05-03,3.9095,0.628
2018-05-04,3.9141,0.1177
2018-05-07,4.0018,2.2406
2018-05-08,4.0188,0.4248
2018-05-09,4.0369,0.4504
2018-05-10,4.1263,2.2146
2018-05-11,4.0666,-1.4468
2018-05-14,4.1396,1.7951
2018-05-15,4.1698,0.7295
2018-05-16,4.1804,0.2542
2018-05-17,4.1025,-1.8635
2018-05-18,4.1516,1.1968
2018-05-21,4.1534,0.0434
2018-05-22,4.1966,1.0401
2018-05-23,4.1392,-1.3678
2018-05-24,4.125,-0.3431
2018-05-25,4.1609,0.8703
2018-05-28,4.2366,1.8193
2018-05-29,4.1609,-1.7868
2018-05-30,4.1401,-0.4999
2018-05-31,4.2716,3.1763
2018-06-01,4.2142,-1.3438
2018-06-04,4.3094,2.259
2018-06-05,4.3632,1.2484
2018-06-06,4.3756,0.2842
2018-06-07,4.3273,-1.1038
2018-06-08,4.321,-0.1456
2018-06-11,4.2958,-0.5832
2018-06-12,4.4038,2.5141
2018-06-13,4.3705,-0.7562
2018-06-14,4.326,-1.0182
2018-06-15,4.3119,-0.3259
2018-06-19,4.2222,-2.0803
2018-06-20,4.2717,1.1724
2018-06-21,4.2499,-0.5103
2018-06-22,4.2558,0.1388
2018-06-25,4.2823,0.6227
2018-06-26,4.2228,-1.3894
2018-06-27,4.0846,-3.2727
2018-06-28,3.9887,-2.3478
2018-06-29,4.1011,2.818
2018-06-30,4.1009,0.0
2018-07-02,4.0223,-1.9214
2018-07-03,3.951,-1.7726
2018-07-04,3.933,-0.4556
2018-07-05,3.9216,-0.2899
2018-07-06,3.9403,0.4768
2018-07-09,4.0742,3.3982
2018-07-10,4.0925,0.4492
2018-07-11,4.0414,-1.2486
2018-07-12,4.1171,1.8731
2018-07-13,4.1757,1.4233
2018-07-16,4.1888,0.3137
2018-07-17,4.1341,-1.3059
2018-07-18,4.1103,-0.5757
2018-07-19,4.0857,-0.5985
2018-07-20,4.1171,0.7685
2018-07-23,4.0621,-1.3359
2018-07-24,4.1264,1.5829
2018-07-25,4.176,1.202
2018-07-26,4.1317,-1.0608
2018-07-27,4.104,-0.6704
2018-07-30,4.0557,-1.1769
2018-07-31,4.0566,0.0222
2018-08-01,3.9877,-1.6985
2018-08-02,3.924,-1.5974
2018-08-03,3.8047,-3.0403
2018-08-06,3.7146,-2.3681
2018-08-07,3.8043,2.4148
2018-08-08,3.7166,-2.3053
2018-08-09,3.8418,3.3687
2018-08-10,3.8784,0.9527
2018-08-13,3.8737,-0.1212
2018-08-14,3.8481,-0.6609
2018-08-15,3.7428,-2.7364
2018-08-16,3.6849,-1.547
2018-08-17,3.6163,-1.8617
2018-08-20,3.6156,-0.0194
2018-08-21,3.7509,3.7421
2018-08-22,3.7116,-1.0477
2018-08-23,3.7091,-0.0674
2018-08-24,3.6998,-0.2507
2018-08-27,3.8504,4.0705
2018-08-28,3.808,-1.1012
2018-08-29,3.7773,-0.8062
2018-08-30,3.7494,-0.7386
2018-08-31,3.6765,-1.9443
2018-09-03,3.6762,-0.0082
2018-09-04,3.6919,0.4271
2018-09-05,3.621,-1.9204
2018-09-06,3.5656,-1.53
2018-09-07,3.5927,0.76
2018-09-10,3.5685,-0.6736
2018-09-11,3.5858,0.4848
2018-09-12,3.5346,-1.4279
2018-09-13,3.5345,-0.0028
2018-09-14,3.5699,1.0016
2018-09-17,3.5412,-0.8039
2018-09-18,3.6069,1.8553
2018-09-19,3.7019,2.6338
2018-09-20,3.7083,0.1729
2018-09-21,3.8099,2.7398
2018-09-25,3.7739,-0.9449
2018-09-26,3.8457,1.9025
2018-09-27,3.8679,0.5773
2018-09-28,3.8924,0.6334
2018-10-08,3.7037,-4.8479
2018-10-09,3.6987,-0.135
2018-10-10,3.6256,-1.9764
2018-10-11,3.5025,-3.3953
2018-10-12,3.5819,2.267
2018-10-15,3.5097,-2.0157
2018-10-16,3.4902,-0.5556
2018-10-17,3.4845,-0.1633
2018-10-18,3.402,-2.3676
2018-10-19,3.5106,3.1922
2018-10-22,3.6704,4.5519
2018-10-23,3.5167,-4.1876
2018-10-24,3.4395,-2.1952
2018-10-25,3.3649,-2.1689
2018-10-26,3.3214,-1.2928
2018-10-29,3.1189,-6.0968
2018-10-30,3.1137,-0.1667
2018-10-31,3.2128,3.1827
2018-11-01,3.268,1.7181
2018-11-02,3.4854,6.6524
2018-11-05,3.4172,-1.9567
2018-11-06,3.3798,-1.0945
2018-11-07,3.3587,-0.6243
2018-11-08,3.343,-0.4674
2018-11-09,3.3063,-1.0978
2018-11-12,3.3412,1.0556
2018-11-13,3.4059,1.9364
2018-11-14,3.3684,-1.101
2018-11-15,3.3937,0.7511
2018-11-16,3.4131,0.5716
2018-11-19,3.4506,1.0987
2018-11-20,3.3768,-2.1388
2018-11-21,3.4173,1.1994
2018-11-22,3.4158,-0.0439
2018-11-23,3.3506,-1.9088
2018-11-26,3.3509,0.009
2018-11-27,3.3278,-0.6894
2018-11-28,3.3782,1.5145
2018-11-29,3.3417,-1.0805
2018-11-30,3.4071,1.9571
2018-12-03,3.5544,4.3233
2018-12-04,3.5604,0.1688
2018-12-05,3.5602,-0.0056
2018-12-06,3.4591,-2.8397
2018-12-07,3.4469,-0.3527
2018-12-10,3.407,-1.1576
2018-12-11,3.4324,0.7455
2018-12-12,3.4482,0.4603
2018-12-13,3.5346,2.5057
2018-12-14,3.4572,-2.1898
2018-12-17,3.4287,-0.8244
2018-12-18,3.4005,-0.8225
2018-12-19,3.3495,-1.4998
2018-12-20,3.3375,-0.3583
2018-12-21,3.2773,-1.8037
2018-12-24,3.3081,0.9398
2018-12-25,3.303,-0.1542
2018-12-26,3.2879,-0.4572
2018-12-27,3.2806,-0.222
2018-12-28,3.3001,0.5944
2018-12-31,3.2997,0.0
2019-01-02,3.2284,-2.1727
2019-01-03,3.1799,-1.5023
2019-01-04,3.2376,1.8145
2019-01-07,3.2517,0.4355
2019-01-08,3.2564,0.1445
2019-01-09,3.3129,1.735
2019-01-10,3.2964,-0.4981
2019-01-11,3.3187,0.6765
2019-01-14,3.2627,-1.6874
2019-01-15,3.3908,3.9262
2019-01-16,3.3873,-0.1032
2019-01-17,3.3821,-0.1535
2019-01-18,3.4666,2.4984
2019-01-21,3.5055,1.1221
2019-01-22,3.4424,-1.8
2019-01-23,3.4282,-0.4125
2019-01-24,3.449,0.6067
2019-01-25,3.4849,1.0409
2019-01-28,3.5108,0.7432
2019-01-29,3.5223,0.3276
2019-01-30,3.4697,-1.4933
2019-01-31,3.5223,1.516
2019-02-01,3.5863,1.817
2019-02-11,3.7067,3.3572
2019-02-12,3.726,0.5207
2019-02-13,3.779,1.4224
2019-02-14,3.8257,1.2358
2019-02-15,3.7425,-2.1748
2019-02-18,3.8485,2.8323
2019-02-19,3.8304,-0.4703
2019-02-20,3.8407,0.2689
2019-02-21,3.8344,-0.164
2019-02-22,3.872,0.9806
2019-02-25,4.0001,3.3084
2019-02-26,3.9399,-1.505
2019-02-27,3.9343,-0.1421
2019-02-28,3.9717,0.9506
2019-03-01,4.0904,2.9886
2019-03-04,4.1256,0.8606
2019-03-05,4.1179,-0.1866
2019-03-06,4.0916,-0.6387
2019-03-07,3.9919,-2.4367
2019-03-08,3.904,-2.202
2019-03-11,4.0207,2.9892
2019-03-12,4.0057,-0.3731
2019-03-13,4.01,0.1073
2019-03-14,4.0348,0.6185
2019-03-15,4.1186,2.0769
2019-03-18,4.3018,4.4481
2019-03-19,4.265,-0.8555
2019-03-20,4.2647,-0.007
2019-03-21,4.2334,-0.7339
2019-03-22,4.2626,0.6898
2019-03-25,4.1471,-2.7096
2019-03-26,4.1502,0.0748
2019-03-27,4.2441,2.2625
2019-03-28,4.2945,1.1875
2019-03-29,4.4598,3.8491
2019-04-01,4.5365,1.7198
2019-04-02,4.4973,-0.8641
2019-04-03,4.4972,-0.0022
2019-04-04,4.5598,1.392
2019-04-08,4.5696,0.2149
2019-04-09,4.6525,1.8142
2019-04-10,4.7124,1.2875
2019-04-11,4.5515,-3.4144
2019-04-12,4.531,-0.4504
2019-04-15,4.4915,-0.8718
2019-04-16,4.5817,2.0082
2019-04-17,4.5993,0.3841
2019-04-18,4.5927,-0.1435
2019-04-19,4.6534,1.3217
2019-04-22,4.6083,-0.9692
2019-04-23,4.6608,1.1392
2019-04-24,4.6365,-0.5214
2019-04-25,4.5631,-1.5831
2019-04-26,4.5418,-0.4668
2019-04-29,4.6259,1.8517
2019-04-30,4.6503,0.5275
2019-05-06,4.3875,-5.6512
2019-05-07,4.4974,2.5048
2019-05-08,4.441,-1.2541
2019-05-09,4.3081,-2.9926
2019-05-10,4.5168,4.8444
2019-05-13,4.4739,-0.9498
2019-05-14,4.4338,-0.8963
2019-05-15,4.6174,4.1409
2019-05-16,4.6727,1.1976
2019-05-17,4.5614,-2.3819
2019-05-20,4.494,-1.4776
2019-05-21,4.545,1.1348
2019-05-22,4.5149,-0.6623
2019-05-23,4.4245,-2.0023
2019-05-24,4.4399,0.3481
2019-05-27,4.4582,0.4122
2019-05-28,4.5115,1.1955
2019-05-29,4.4945,-0.3768
2019-05-30,4.4709,-0.5251
2019-05-31,4.4533,-0.3937
2019-06-03,4.4589,0.1257
2019-06-04,4.3797,-1.7762
2019-06-05,4.3489,-0.7032
2019-06-06,4.3111,-0.8692
2019-06-10,4.4101,2.2964
2019-06-11,4.5774,3.7936
2019-06-12,4.5442,-0.7253
2019-06-13,4.5256,-0.4093
2019-06-14,4.514,-0.2563
2019-06-17,4.498,-0.3545
2019-06-18,4.5369,0.8648
2019-06-19,4.6027,1.4503
2019-06-20,4.7574,3.3611
2019-06-21,4.7648,0.1555
2019-06-24,4.8202,1.1627
2019-06-25,4.8192,-0.0207
2019-06-26,4.825,0.1204
2019-06-27,4.9296,2.1679
2019-06-28,4.9686,0.7911
2019-06-30,4.9682,0.0
2019-07-01,5.1612,3.8763
2019-07-02,5.1733,0.2344
2019-07-03,5.0611,-2.1688
2019-07-04,4.9742,-1.717
2019-07-05,5.1007,2.5431
2019-07-08,5.0104,-1.7703
2019-07-09,5.0096,-0.016
2019-07-10,5.0236,0.2795
2019-07-11,5.0008,-0.4539
2019-07-12,5.0722,1.4278
2019-07-15,5.0389,-0.6565
2019-07-16,4.9695,-1.3773
2019-07-17,4.9531,-0.33
2019-07-18,4.8942,-1.1892
2019-07-19,4.9366,0.8663
2019-07-22,4.9345,-0.0425
2019-07-23,4.896,-0.7802
2019-07-24,4.9138,0.3636
2019-07-25,4.9423,0.58
2019-07-26,4.9665,0.4897
2019-07-29,4.981,0.292
2019-07-30,4.9645,-0.3313
2019-07-31,4.9071,-1.1562
2019-08-01,4.8659,-0.8396
2019-08-02,4.8195,-0.9536
2019-08-05,4.7293,-1.8716
2019-08-06,4.735,0.1205
2019-08-07,4.7436,0.1816
2019-08-08,4.8182,1.5726
2019-08-09,4.7775,-0.8447
2019-08-12,4.9069,2.7085
2019-08-13,4.8981,-0.1793
2019-08-14,4.9679,1.425
2019-08-15,4.9623,-0.1127
2019-08-16,5.0304,1.3723
2019-08-19,5.0707,0.8011
2019-08-20,5.0734,0.0532
2019-08-21,5.0451,-0.5578
2019-08-22,5.1285,1.6531
2019-08-23,5.1936,1.2694
2019-08-26,5.1292,-1.24
2019-08-27,5.2261,1.8892
2019-08-28,5.2048,-0.4076
2019-08-29,5.2171,0.2363
2019-08-30,5.3062,1.7078
2019-09-02,5.3453,0.7369
2019-09-03,5.3029,-0.7932
2019-09-04,5.2705,-0.611
2019-09-05,5.2924,0.4155
2019-09-06,5.3125,0.3798
2019-09-09,5.3087,-0.0715
2019-09-10,5.2924,-0.307
2019-09-11,5.1454,-2.7776
2019-09-12,5.1986,1.0339
2019-09-16,5.169,-0.5694
2019-09-17,5.1454,-0.4566
2019-09-18,5.273,2.4799
2019-09-19,5.2667,-0.1195
2019-09-20,5.2947,0.5316
2019-09-23,5.2337,-1.1521
2019-09-24,5.3121,1.498
2019-09-25,5.2922,-0.3746
2019-09-26,5.2694,-0.4308
2019-09-27,5.2647,-0.0892
2019-09-30,5.2293,-0.6724
2019-10-08,5.283,1.0269
2019-10-09,5.2513,-0.6
2019-10-10,5.3328,1.552
2019-10-11,5.3538,0.3938
2019-10-14,5.3447,-0.17
2019-10-15,5.3919,0.8831
2019-10-16,5.3639,-0.5193
2019-10-17,5.3725,0.1603
2019-10-18,5.3144,-1.0814
2019-10-21,5.2869,-0.5175
2019-10-22,5.3027,0.2989
2019-10-23,5.25,-0.9938
2019-10-24,5.184,-1.2571
2019-10-25,5.2546,1.3619
2019-10-28,5.3053,0.9649
2019-10-29,5.2848,-0.3864
2019-10-30,5.2823,-0.0473
2019-10-31,5.3217,0.7459
2019-11-01,5.4348,2.1253
2019-11-04,5.4667,0.587
2019-11-05,5.4931,0.4829
2019-11-06,5.4546,-0.7009
2019-11-07,5.4822,0.506
2019-11-08,5.4775,-0.0857
2019-11-11,5.4148,-1.1447
2019-11-12,5.4479,0.6113
2019-11-13,5.5077,1.0977
2019-11-14,5.5334,0.4666
2019-11-15,5.4922,-0.7446
2019-11-18,5.4984,0.1129
2019-11-19,5.5653,1.2167
2019-11-20,5.5537,-0.2084
2019-11-21,5.5118,-0.7545
2019-11-22,4.8745,-2.491
2019-11-25,4.851,-0.4821
2019-11-26,4.8865,0.7318
2019-11-27,4.8578,-0.5873
2019-11-28,4.8471,-0.2203
2019-11-29,4.7459,-2.0878
2019-12-02,4.7341,-0.2486
2019-12-03,4.7245,-0.2028
2019-12-04,4.748,0.4974
2019-12-05,4.7673,0.4065
2019-12-06,4.8305,1.3257
2019-12-09,4.7867,-0.9067
2019-12-10,4.8021,0.3217
2019-12-11,4.7974,-0.0979
2019-12-12,4.7769,-0.4273
2019-12-13,4.8731,2.0139
2019-12-16,4.8619,-0.2298
2019-12-17,4.8923,0.6253
2019-12-18,4.868,-0.4967
2019-12-19,4.8449,-0.4745
2019-12-20,4.8361,-0.1816
2019-12-23,4.8142,-0.4528
2019-12-24,4.8313,0.3552
2019-12-25,4.7994,-0.6603
2019-12-26,4.8552,1.1626
2019-12-27,4.8483,-0.1421
2019-12-30,4.9114,1.3015
2019-12-31,4.9607,1.0038
2020-01-02,4.9348,-0.5221
2020-01-03,4.8767,-1.1774
2020-01-06,4.7873,-1.8332
2020-01-07,4.8272,0.8335
2020-01-08,4.8134,-0.2859
2020-01-09,4.9049,1.9009
2020-01-10,4.9685,1.2967
2020-01-13,5.0368,1.3747
2020-01-14,4.9983,-0.7644
2020-01-15,5.0017,0.068
2020-01-16,5.0181,0.3279
2020-01-17,5.0197,0.0319
2020-01-20,5.0262,0.1295
2020-01-21,4.9916,-0.6884
2020-01-22,4.975,-0.3326
2020-01-23,4.8404,-2.7055
2020-02-03,4.5302,-6.4086
2020-02-04,4.5848,1.2052
2020-02-05,4.7141,2.8202
2020-02-06,4.838,2.6283
2020-02-07,4.824,-0.2894
2020-02-10,4.861,0.767
2020-02-11,4.9281,1.3804
2020-02-12,4.9444,0.3308
2020-02-13,4.917,-0.5542
2020-02-14,4.9622,0.9193
2020-02-17,4.9751,0.26
2020-02-18,4.9235,-1.0372
2020-02-19,4.9131,-0.2112
2020-02-20,5.0409,2.6012
2020-02-21,5.0408,-0.002
2020-02-24,4.9898,-1.0117
2020-02-25,4.9822,-0.1523
2020-02-26,4.9005,-1.6398
2020-02-27,4.9392,0.7897
2020-02-28,4.7986,-2.8466
2020-03-02,4.9184,2.4966
2020-03-03,4.9876,1.407
2020-03-04,5.021,0.6697
2020-03-05,5.1839,3.2444
2020-03-06,5.097,-1.6763
2020-03-09,4.9477,-2.9292
2020-03-10,5.0289,1.6412
2020-03-11,4.9876,-0.8213
2020-03-12,4.875,-2.2576
2020-03-13,4.8006,-1.5262
2020-03-16,4.6044,-4.087
2020-03-17,4.599,-0.1173
2020-03-18,4.5167,-1.7895
2020-03-19,4.3677,-3.2989
2020-03-20,4.5071,3.1916
2020-03-23,4.3749,-2.9331
2020-03-24,4.5346,3.6504
2020-03-25,4.6952,3.5417
2020-03-26,4.7031,0.1683
2020-03-27,4.7091,0.1276
2020-03-30,4.6019,-2.2764
2020-03-31,4.7277,2.7337
2020-04-01,4.7298,0.0444
2020-04-02,4.7789,1.0381
2020-04-03,4.7888,0.2072
2020-04-07,4.8878,2.0673
2020-04-08,4.8591,-0.5872
2020-04-09,4.9093,1.0331
2020-04-10,4.9232,0.2831
2020-04-13,4.9022,-0.4266
2020-04-14,4.9608,1.1954
2020-04-15,4.9382,-0.4556
2020-04-16,4.9275,-0.2167
2020-04-17,4.9565,0.5885
2020-04-20,4.9713,0.2986
2020-04-21,4.8775,-1.8868
2020-04-22,4.9761,2.0215
2020-04-23,5.0342,1.1676
2020-04-24,5.0243,-0.1967
2020-04-27,5.0367,0.2468
2020-04-28,5.1748,2.7419
2020-04-29,5.1188,-1.0822
2020-04-30,5.1083,-0.2051
2020-05-06,5.1291,0.4072
2020-05-07,5.1706,0.8091
2020-05-08,5.1941,0.4545
2020-05-11,5.167,-0.5217
2020-05-12,5.213,0.8903
2020-05-13,5.3205,2.0622
2020-05-14,5.2913,-0.5488
2020-05-15,5.2343,-1.0772
2020-05-18,5.3705,2.6021
2020-05-19,5.4574,1.6181
2020-05-20,5.4103,-0.863
2020-05-21,5.4327,0.414
2020-05-22,5.2857,-2.7058
2020-05-25,5.3593,1.3924
2020-05-26,5.4372,1.4535
2020-05-27,5.4019,-0.6492
2020-05-28,5.3855,-0.3036
2020-05-29,5.499,2.1075
2020-06-01,5.6364,2.4986
2020-06-02,5.5603,-1.3502
2020-06-03,5.5623,0.036
2020-06-04,5.6337,1.2836
2020-06-05,5.7087,1.3313
2020-06-08,5.6904,-0.3206
2020-06-09,5.7548,1.1317
2020-06-10,5.8007,0.7976
2020-06-11,5.7386,-1.0706
2020-06-12,5.7762,0.6552
2020-06-15,5.6643,-1.9373
2020-06-16,5.746,1.4424
2020-06-17,5.7787,0.5691
2020-06-18,5.7742,-0.0779
2020-06-19,5.9142,2.4246
2020-06-22,5.8818,-0.5478
2020-06-23,6.021,2.3666
2020-06-24,5.9874,-0.558
2020-06-29,6.0034,0.2672
2020-06-30,6.0604,0.9495
2020-07-01,6.1843,2.0444
2020-07-02,6.316,2.1296
2020-07-03,6.3369,0.3309
2020-07-06,6.4312,1.4881
2020-07-07,6.566,2.096
2020-07-08,6.5485,-0.2665
2020-07-09,6.7052,2.3929
2020-07-10,6.7573,0.777
2020-07-13,6.9783,3.2705
2020-07-14,6.9704,-0.1132
2020-07-15,7.0735,1.4791
2020-07-16,6.548,-7.4291
2020-07-17,6.5765,0.4352
2020-07-20,6.5503,-0.3984
2020-07-21,6.7015,2.3083
2020-07-22,6.8423,2.101
2020-07-23,6.9384,1.4045
2020-07-24,6.6289,-4.4607
2020-07-27,6.7586,1.9566
2020-07-28,6.836,1.1452
2020-07-29,6.9408,1.5331
2020-07-30,6.976,0.5071
2020-07-31,6.9941,0.2595
2020-08-03,7.0728,1.1252
2020-08-04,7.0847,0.1683
2020-08-05,7.1403,0.7848
2020-08-06,7.0098,-1.8277
2020-08-07,6.8978,-1.5978
2020-08-10,6.8949,-0.042
2020-08-11,6.9417,0.6788
2020-08-12,6.839,-1.4795
2020-08-13,6.833,-0.0877
2020-08-14,6.986,2.2391
2020-08-17,7.1138,1.8294
2020-08-18,7.1496,0.5032
2020-08-19,7.112,-0.5259
2020-08-20,6.9995,-1.5818
2020-08-21,7.0967,1.3887
2020-08-24,7.2019,1.48
2020-08-25,7.3529,2.1
2020-08-26,7.3694,0.22
2020-08-27,7.4504,1.1
2020-08-28,7.6215,2.3
2020-08-31,7.6178,-0.05
2020-09-01,7.6058,-0.16
2020-09-02,7.595,-0.14
2020-09-03,7.6521,0.75
2020-09-04,7.5309,-1.58
2020-09-07,7.3639,-2.22
2020-09-08,7.2309,-1.81
2020-09-09,7.0624,-2.33
2020-09-10,7.128,0.93
2020-09-11,7.2444,1.63
2020-09-14,7.3058,0.85
2020-09-15,7.3387,0.45
2020-09-16,7.243,-1.3
2020-09-17,7.1371,-1.46
2020-09-18,7.2127,1.06
2020-09-21,7.13,-1.15
2020-09-22,7.0651,-0.91
2020-09-23,7.1068,0.59
2020-09-24,7.0134,-1.31
2020-09-25,7.0575,0.63
2020-09-28,7.0767,0.27
2020-09-29,7.0928,0.23
2020-09-30,7.1658,1.03
2020-10-09,7.2979,1.84
2020-10-12,7.5803,3.87
2020-10-13,7.6797,1.31
2020-10-14,7.6295,-0.65
2020-10-15,7.5992,-0.4
2020-10-16,7.5427,-0.74
2020-10-19,7.4486,-1.25
2020-10-20,7.6386,2.55
2020-10-21,7.6568,0.24
2020-10-22,7.7125,0.73
2020-10-23,7.5531,-2.07
2020-10-26,7.6089,0.74
2020-10-27,7.6374,0.37
2020-10-28,7.7549,1.54
2020-10-29,7.9129,2.04
2020-10-30,7.7691,-1.82
2020-11-02,7.8023,0.43
2020-11-03,7.8541,0.66
2020-11-04,7.9181,0.81
2020-11-05,7.9624,0.56
2020-11-06,7.915,-0.6
2020-11-09,8.0781,2.06
2020-11-10,8.1526,0.92
2020-11-11,8.0657,-1.07
2020-11-12,8.1551,1.11
2020-11-13,8.042,-1.39
2020-11-16,8.207,2.05
2020-11-17,8.0617,-1.77
2020-11-18,7.9713,-1.12
2020-11-19,8.0208,0.62
2020-11-20,8.1036,1.03
2020-11-23,8.1065,0.04
2020-11-24,8.1443,0.47
2020-11-25,7.9453,-2.44
2020-11-26,7.9607,0.19
2020-11-27,8.0177,0.72
2020-11-30,7.9142,-1.29
2020-12-01,8.068,1.94
2020-12-02,8.0381,-0.37
2020-12-03,8.1544,1.45
2020-12-04,8.358,2.5
2020-12-07,8.3617,0.04
2020-12-08,8.3783,0.2
2020-12-09,8.335,-0.52
2020-12-10,8.38,0.54
2020-12-11,8.3432,-0.44
2020-12-14,8.5071,1.96
2020-12-15,8.4915,-0.18
2020-12-16,8.5456,0.64
2020-12-17,8.6945,1.74
2020-12-18,8.6351,-0.68
2020-12-21,8.7069,0.83
2020-12-22,8.7078,0.01
2020-12-23,8.6843,-0.27
2020-12-24,8.6072,-0.89
2020-12-25,8.6619,0.64
2020-12-28,8.8265,1.9
2020-12-29,8.8021,-0.28
2020-12-30,8.9439,1.61
2020-12-31,9.1448,2.25
2021-01-04,9.2628,1.29
2021-01-05,9.6094,3.74
2021-01-06,9.7144,1.09
2021-01-07,9.8103,0.99
2021-01-08,9.7189,-0.93
2021-01-11,9.5644,-1.59
2021-01-12,9.7948,2.41
2021-01-13,9.6807,-1.16
2021-01-14,9.5508,-1.34
2021-01-15,9.4816,-0.72
2021-01-18,9.5075,0.27
2021-01-19,9.3708,-1.44
2021-01-20,9.4016,0.33
2021-01-21,9.5737,1.83
2021-01-22,9.6696,1.0
2021-01-25,9.8992,2.37
2021-01-26,9.7718,-1.29
2021-01-27,9.739,-0.34
2021-01-28,9.5183,-2.27
2021-01-29,9.5587,0.42
2021-02-01,9.6853,1.32
2021-02-02,9.8589,1.79
2021-02-03,9.9112,0.53
2021-02-04,9.9586,0.48
2021-02-05,10.1126,1.55
2021-02-08,10.2111,0.97
2021-02-09,10.4557,2.4
2021-02-10,10.7389,2.71
2021-02-18,10.3955,-3.2
2021-02-19,10.4276,0.31
2021-02-22,9.9651,-4.44
2021-02-23,9.925,-0.4
2021-02-24,9.4782,-4.5
2021-02-25,8.4677,-1.17
2021-02-26,8.1925,-3.25
2021-03-01,8.2787,1.05
2021-03-02,8.1396,-1.68
2021-03-03,8.3224,2.25
2021-03-04,8.0329,-3.48
2021-03-05,8.0584,0.32
2021-03-08,7.6297,-5.32
2021-03-09,7.3781,-3.3
2021-03-10,7.4913,1.53
2021-03-11,7.7687,3.7
2021-03-12,7.7577,-0.14
2021-03-15,7.5456,-2.73
2021-03-16,7.6745,1.71
2021-03-17,7.7298,0.72
2021-03-18,7.8678,1.79
2021-03-19,7.6661,-2.56
2021-03-22,7.7132,0.61
2021-03-23,7.7013,-0.15
2021-03-24,7.6024,-1.28
2021-03-25,7.6118,0.12
2021-03-26,7.8646,3.32
2021-03-29,7.9029,0.49
2021-03-30,7.9502,0.6
2021-03-31,7.8845,-0.83
2021-04-01,8.04,1.97
2021-04-02,8.1997,1.99
2021-04-06,8.1069,-1.13
2021-04-07,7.9267,-2.22
2021-04-08,7.9709,0.56
2021-04-09,7.8208,-1.88
2021-04-12,7.6936,-1.63
2021-04-13,7.7885,1.23
2021-04-14,7.8737,1.09
2021-04-15,7.8549,-0.24
2021-04-16,7.8751,0.26
2021-04-19,8.0111,1.73
2021-04-20,8.0376,0.33
2021-04-21,8.0931,0.69
2021-04-22,8.0666,-0.33
2021-04-23,8.1364,0.87
2021-04-26,8.0569,-0.98
2021-04-27,8.1824,1.56
2021-04-28,8.2293,0.57
2021-04-29,8.1774,-0.63
2021-04-30,8.1308,-0.57
2021-05-06,7.9487,-2.24
2021-05-07,7.807,-1.78
2021-05-10,7.7734,-0.43
2021-05-11,7.9135,1.8
2021-05-12,8.0009,1.1
2021-05-13,8.0174,0.21
2021-05-14,8.1498,1.65
2021-05-17,8.2771,1.56
2021-05-18,8.2887,0.14
2021-05-19,8.2393,-0.6
2021-05-20,8.2839,0.54
2021-05-21,8.2243,-0.72
2021-05-24,8.3657,1.72
2021-05-25,8.5903,2.68
2021-05-26,8.5267,-0.74
2021-05-27,8.6118,1.0
2021-05-28,8.4673,-1.68
2021-05-31,8.4158,-0.61
2021-06-01,8.4361,0.24
2021-06-02,8.2774,-1.88
2021-06-03,8.2622,-0.18
2021-06-04,8.2736,0.14
2021-06-07,8.2918,0.22
2021-06-08,8.161,-1.58
2021-06-09,8.171,0.12
2021-06-10,8.1849,0.17
2021-06-11,8.0963,-1.08
2021-06-15,8.0527,-0.54
2021-06-16,7.9832,-0.86
2021-06-17,7.9812,-0.03
2021-06-18,7.9397,-0.52
2021-06-21,7.9727,0.42
2021-06-22,8.024,0.64
2021-06-23,7.9587,-0.81
2021-06-24,7.9488,-0.12
2021-06-25,8.0645,1.46
2021-06-28,8.092,0.34
2021-06-29,8.0593,-0.4
2021-06-30,8.0823,0.29
2021-07-01,8.1121,0.37
2021-07-02,7.9752,-1.69
2021-07-05,7.9626,-0.16
2021-07-06,7.8797,-1.04
2021-07-07,7.9004,0.26
2021-07-08,7.7963,-1.32
2021-07-09,7.7934,-0.04
2021-07-12,7.8911,1.25
2021-07-13,7.9031,0.15
2021-07-14,7.9214,0.23
2021-07-15,7.9151,-0.08
2021-07-16,7.84,-0.95
2021-07-19,7.8448,0.06
2021-07-20,7.901,0.72
2021-07-21,7.898,-0.04
2021-07-22,7.8356,-0.79
2021-07-23,7.7282,-1.37
2021-07-26,7.5309,-2.55
2021-07-27,7.3299,-2.67
2021-07-28,7.3585,0.39
2021-07-29,7.3659,0.1
2021-07-30,7.324,-0.57
2021-08-02,7.4608,1.87
2021-08-03,7.4972,0.49
2021-08-04,7.4629,-0.46
2021-08-05,7.4251,-0.51
2021-08-06,7.3431,-1.1
2021-08-09,7.513,2.31
2021-08-10,7.6213,1.44
2021-08-11,7.5934,-0.37
2021-08-12,7.5011,-1.22
2021-08-13,7.5039,0.04
2021-08-16,7.5064,0.03
2021-08-17,7.3699,-1.82
2021-08-18,7.4014,0.43
2021-08-19,7.3691,-0.44
2021-08-20,7.24,-1.75
2021-08-23,7.2939,0.74
2021-08-24,7.3457,0.71
2021-08-25,7.3705,0.34
2021-08-26,7.2387,-1.79
2021-08-27,7.1727,-0.91
2021-08-30,7.1102,-0.87
2021-08-31,7.0936,-0.23
2021-09-01,7.2393,2.05
2021-09-02,7.2095,-0.41
2021-09-03,7.2837,1.03
2021-09-06,7.3793,1.31
2021-09-07,7.4038,0.33
2021-09-08,7.4251,0.29
2021-09-09,7.3889,-0.49
2021-09-10,7.3601,-0.39
2021-09-13,7.3169,-0.59
2021-09-14,7.1883,-1.76
2021-09-15,7.0435,-2.01
2021-09-16,7.0228,-0.29
2021-09-17,7.1322,1.56
2021-09-22,6.9511,-2.54
2021-09-23,6.9661,0.22
2021-09-24,7.0217,0.8
2021-09-27,7.228,2.94
2021-09-28,7.2563,0.39
2021-09-29,7.2437,-0.17
2021-09-30,7.2498,0.08
2021-10-08,7.4407,2.63
2021-10-11,7.5501,1.47
2021-10-12,7.4845,-0.87
2021-10-13,7.6068,1.63
2021-10-14,7.57,-0.48
2021-10-15,7.6038,0.45
2021-10-18,7.3794,-2.95
2021-10-19,7.4798,1.36
2021-10-20,7.5214,0.56
2021-10-21,7.5379,0.22
2021-10-22,7.6275,1.19
2021-10-25,7.5831,-0.58
2021-10-26,7.5677,-0.2
2021-10-27,7.414,-2.03
2021-10-28,7.4385,0.33
2021-10-29,7.4524,0.19
2021-11-01,7.3869,-0.88
2021-11-02,7.2782,-1.47
2021-11-03,7.2266,-0.71
2021-11-04,7.3897,2.26
2021-11-05,7.3386,-0.69
2021-11-08,7.2873,-0.7
2021-11-09,7.2417,-0.63
2021-11-10,7.2147,-0.37
2021-11-11,7.2894,1.04
2021-11-12,7.2896,0.0
2021-11-15,7.3201,0.42
2021-11-16,7.4262,1.45
2021-11-17,7.3756,-0.68
2021-11-18,7.2844,-1.24
2021-11-19,7.3683,1.15
2021-11-22,7.3808,0.17
2021-11-23,7.2971,-1.13
2021-11-24,7.3748,1.06
2021-11-25,7.3865,0.16
2021-11-26,7.264,-1.66
2021-11-29,7.2722,0.11
2021-11-30,7.1475,-1.71
2021-12-01,7.1856,0.53
2021-12-02,7.2155,0.42
2021-12-03,7.293,1.07
2021-12-06,7.2206,-0.99
2021-12-07,7.3282,1.49
2021-12-08,7.4635,1.85
2021-12-09,7.5672,1.39
2021-12-10,7.535,-0.43
2021-12-13,7.563,0.37
2021-12-14,7.5212,-0.55
2021-12-15,7.4339,-1.16
2021-12-16,7.3918,-0.57
2021-12-17,7.2115,-2.44
2021-12-20,7.1505,-0.85
2021-12-21,7.1727,0.31
2021-12-22,7.1912,0.26
2021-12-23,7.2457,0.76
2021-12-24,7.2888,0.59
2021-12-27,7.2259,-0.86
2021-12-28,7.2456,0.27
2021-12-29,7.0286,-2.99
2021-12-30,7.0819,0.76
2021-12-31,7.1595,1.1
2022-01-04,7.093,-0.93
2022-01-05,6.9777,-1.63
2022-01-06,6.9277,-0.72
2022-01-07,6.9868,0.85
2022-01-10,7.0319,0.65
2022-01-11,6.9931,-0.55
2022-01-12,7.165,2.46
2022-01-13,6.997,-2.34
2022-01-14,6.9366,-0.86
2022-01-17,6.9379,0.02
2022-01-18,6.9792,0.6
2022-01-19,6.9772,-0.03
2022-01-20,7.2036,3.24
2022-01-21,7.245,0.57
2022-01-24,7.1164,-1.78
2022-01-25,6.9968,-1.68
2022-01-26,7.0253,0.41
2022-01-27,6.8807,-2.06
2022-01-28,6.7429,-2.0
2022-02-07,6.8949,2.25
2022-02-08,6.7927,-1.48
2022-02-09,7.0017,3.08
2022-02-10,7.0114,0.14
2022-02-11,6.9822,-0.42
2022-02-14,6.941,-0.59
2022-02-15,6.9462,0.07
2022-02-16,7.0173,1.02
2022-02-17,7.0072,-0.14
2022-02-18,6.945,-0.89
2022-02-21,6.8702,-1.08
2022-02-22,6.7266,-2.09
2022-02-23,6.7717,0.67
2022-02-24,6.5338,-3.51
2022-02-25,6.5711,0.57
2022-02-28,6.5628,-0.13
2022-03-01,6.6448,1.25
2022-03-02,6.5767,-1.02
2022-03-03,6.4815,-1.45
2022-03-04,6.3155,-2.56
2022-03-07,6.0435,-4.31
2022-03-08,5.9756,-1.12
2022-03-09,5.9654,-0.17
2022-03-10,6.0768,1.87
2022-03-11,5.9791,-1.61
2022-03-14,5.6063,-6.24
2022-03-15,5.2753,-5.9
2022-03-16,5.8081,10.1
2022-03-17,6.1064,5.14
2022-03-18,6.0666,-0.65
2022-03-21,5.9838,-1.36
2022-03-22,6.0936,1.83
2022-03-23,6.1665,1.2
2022-03-24,6.0289,-2.23
2022-03-25,5.8456,-3.04
2022-03-28,5.8165,-0.5
2022-03-29,5.8591,0.73
2022-03-30,5.9968,2.35
2022-03-31,5.9382,-0.98
2022-04-01,5.991,0.89
2022-04-06,5.9966,0.09
2022-04-07,5.9317,-1.08
2022-04-08,5.9129,-0.32
2022-04-11,5.6968,-3.65
2022-04-12,5.884,3.29
2022-04-13,5.8878,0.06
2022-04-14,5.9953,1.83
2022-04-15,6.0037,0.14
2022-04-18,5.9448,-0.98
2022-04-19,5.8318,-1.9
2022-04-20,5.835,0.05
2022-04-21,5.7227,-1.92
2022-04-22,5.7855,1.1
2022-04-25,5.5386,-4.27
2022-04-26,5.675,2.46
2022-04-27,5.7602,1.5
2022-04-28,5.8874,2.21
2022-04-29,6.1961,5.24
2022-05-05,6.0325,-2.64
2022-05-06,5.7949,-3.94
2022-05-09,5.7449,-0.86
2022-05-10,5.7318,-0.23
2022-05-11,5.7969,1.14
2022-05-12,5.7257,-1.23
2022-05-13,5.8046,1.38
2022-05-16,5.7603,-0.76
2022-05-17,5.9216,2.8
2022-05-18,5.8708,-0.86
2022-05-19,5.7399,-2.23
2022-05-20,5.9584,3.81
2022-05-23,5.8486,-1.84
2022-05-24,5.7246,-2.12
2022-05-25,5.6954,-0.51
2022-05-26,5.6865,-0.16
2022-05-27,5.8227,2.4
2022-05-30,5.9843,2.78
2022-05-31,6.1146,2.18
2022-06-01,6.079,-0.58
2022-06-02,6.0332,-0.75
2022-06-06,6.1457,1.86
2022-06-07,6.2036,0.94
2022-06-08,6.4199,3.49
2022-06-09,6.3658,-0.84
2022-06-10,6.4347,1.08
2022-06-13,6.2173,-3.38
2022-06-14,6.2638,0.75
2022-06-15,6.378,1.82
2022-06-16,6.2802,-1.53
2022-06-17,6.3978,1.87
2022-06-20,6.4268,0.45
2022-06-21,6.4608,0.53
2022-06-22,6.3265,-2.08
2022-06-23,6.4036,1.22
2022-06-24,6.5499,2.28
2022-06-27,6.7192,2.58
2022-06-28,6.7457,0.39
2022-06-29,6.6478,-1.45
2022-06-30,6.7378,1.35
2022-07-01,6.7113,-0.39
2022-07-04,6.7061,-0.08
2022-07-05,6.7005,-0.08
2022-07-06,6.5933,-1.6
2022-07-07,6.5622,-0.47
2022-07-08,6.5935,0.48
2022-07-11,6.4199,-2.63
2022-07-12,6.3663,-0.83
2022-07-13,6.3788,0.2
2022-07-14,6.3719,-0.11
2022-07-15,6.2941,-1.22
2022-07-18,6.3429,0.78
2022-07-19,6.3289,-0.22
2022-07-20,6.3995,1.12
2022-07-21,6.3447,-0.86
2022-07-22,6.3466,0.03
2022-07-25,6.3358,-0.17
2022-07-26,6.4199,1.33
2022-07-27,6.3394,-1.25
2022-07-28,6.2937,-0.72
2022-07-29,6.1039,-3.02
2022-08-01,6.1067,0.05
2022-08-02,5.9854,-1.99
2022-08-03,6.0323,0.78
2022-08-04,6.1643,2.19
2022-08-05,6.1711,0.11
2022-08-08,6.0895,-1.32
2022-08-09,6.0446,-0.74
2022-08-10,5.9322,-1.86
2022-08-11,6.0592,2.14
2022-08-12,6.132,1.2
2022-08-15,6.0732,-0.96
2022-08-16,6.0435,-0.49
2022-08-17,6.0866,0.71
2022-08-18,6.0051,-1.34
2022-08-19,6.0184,0.22
2022-08-22,6.0262,0.13
2022-08-23,5.9899,-0.6
2022-08-24,5.937,-0.88
2022-08-25,6.1595,3.75
2022-08-26,6.2192,0.97
2022-08-29,6.1518,-1.08
2022-08-30,6.1467,-0.08
2022-08-31,6.2138,1.09
2022-09-01,6.0933,-1.94
2022-09-02,6.0309,-1.02
2022-09-05,5.9299,-1.67
2022-09-06,5.9249,-0.08
2022-09-07,5.8636,-1.03
2022-09-08,5.8392,-0.42
2022-09-09,5.9671,2.19
2022-09-13,5.967,0.0
2022-09-14,5.8772,-1.5
2022-09-15,5.9373,1.02
2022-09-16,5.8189,-1.99
2022-09-19,5.7966,-0.38
2022-09-20,5.8736,1.33
2022-09-21,5.7866,-1.48
2022-09-22,5.6945,-1.59
2022-09-23,5.6594,-0.62
2022-09-26,5.752,1.64
2022-09-27,5.8803,2.23
2022-09-28,5.8076,-1.24
2022-09-29,5.8,-0.13
2022-09-30,5.768,-0.55
2022-10-10,5.5881,-3.12
2022-10-11,5.5108,-1.38
2022-10-12,5.4716,-0.71
2022-10-13,5.3503,-2.22
2022-10-14,5.4308,1.5
2022-10-17,5.3944,-0.67
2022-10-18,5.4412,0.87
2022-10-19,5.2542,-3.44
2022-10-20,5.166,-1.68
2022-10-21,5.1196,-0.9
2022-10-24,4.7335,-7.54
2022-10-25,4.7614,0.59
2022-10-26,4.788,0.56
2022-10-27,4.7213,-1.39
2022-10-28,4.5747,-3.11
2022-10-31,4.5203,-1.19
2022-11-01,4.8484,7.26
2022-11-02,4.9732,2.57
2022-11-03,4.8399,-2.68
2022-11-04,5.1417,6.24
2022-11-07,5.1864,0.87
2022-11-08,5.126,-1.16
2022-11-09,5.0401,-1.68
2022-11-10,5.0123,-0.55
2022-11-11,5.3597,6.93
2022-11-14,5.3948,0.65
2022-11-15,5.5982,3.77
2022-11-16,5.5773,-0.37
2022-11-17,5.531,-0.83
2022-11-18,5.57,0.71
2022-11-21,5.4199,-2.69
2022-11-22,5.3713,-0.9
2022-11-23,5.3728,0.03
2022-11-24,5.3377,-0.65
2022-11-25,5.3117,-0.49
2022-11-28,5.2601,-0.97
2022-11-29,5.6023,6.51
2022-11-30,5.6575,0.99
2022-12-01,5.7485,1.61
2022-12-02,5.7293,-0.33
2022-12-05,5.9701,4.2
2022-12-06,5.9737,0.06
2022-12-07,5.8692,-1.75
2022-12-08,5.9911,2.08
2022-12-09,6.1665,2.93
2022-12-12,6.0251,-2.29
2022-12-13,6.0751,0.83
2022-12-14,6.1656,1.49
2022-12-15,6.0748,-1.47
2022-12-16,6.1276,0.87
2022-12-19,6.0841,-0.71
2022-12-20,5.9142,-2.79
2022-12-21,5.9527,0.65
2022-12-22,6.1289,2.96
2022-12-23,6.1249,-0.07
2022-12-26,6.0733,-0.84
2022-12-27,6.1138,0.67
2022-12-28,6.1619,0.79
2022-12-29,6.1176,-0.72
2022-12-30,6.1274,0.16
2022-12-31,6.1271,0.0
2023-01-03,6.1473,0.32
2023-01-04,6.2739,2.06
2023-01-05,6.4517,2.83
2023-01-06,6.4493,-0.04
2023-01-09,6.5804,2.03
2023-01-10,6.5563,-0.37
2023-01-11,6.5628,0.1
2023-01-12,6.5312,-0.48
2023-01-13,6.6513,1.84
2023-01-16,6.7035,0.78
2023-01-17,6.6645,-0.58
2023-01-18,6.6508,-0.21
2023-01-19,6.6533,0.04
2023-01-20,6.7471,1.41
2023-01-30,6.7679,0.31
2023-01-31,6.6058,-2.4
2023-02-01,6.6617,0.85
2023-02-02,6.6135,-0.72
2023-02-03,6.5471,-1.0
2023-02-06,6.3923,-2.36
2023-02-07,6.4253,0.52
2023-02-08,6.3879,-0.58
2023-02-09,6.527,2.18
2023-02-10,6.4343,-1.42
2023-02-13,6.5551,1.88
2023-02-14,6.4719,-1.27
2023-02-15,6.4204,-0.8
2023-02-16,6.4793,0.92
2023-02-17,6.4106,-1.06
2023-02-20,6.5084,1.53
2023-02-21,6.3601,-2.28
2023-02-22,6.2808,-1.25
2023-02-23,6.2952,0.23
2023-02-24,6.1519,-2.28
2023-02-27,6.1998,0.78
2023-02-28,6.1499,-0.8
2023-03-01,6.357,3.37
2023-03-02,6.2812,-1.19
2023-03-03,6.3253,0.7
2023-03-06,6.2877,-0.59
2023-03-07,6.2208,-1.06
2023-03-08,6.1192,-1.63
2023-03-09,6.077,-0.69
2023-03-10,5.9095,-2.76
2023-03-13,6.0069,1.65
2023-03-14,5.9077,-1.65
2023-03-15,5.9121,0.07
2023-03-16,5.8609,-0.87
2023-03-17,5.8456,-0.26
2023-03-20,5.7307,-1.97
2023-03-21,5.863,2.31
2023-03-22,5.9001,0.63
2023-03-23,6.0458,2.47
2023-03-24,6.0048,-0.68
2023-03-27,5.9131,-1.53
2023-03-28,6.0053,1.56
2023-03-29,6.1013,1.6
2023-03-30,6.156,0.9
2023-03-31,6.1737,0.29
2023-04-03,6.1546,-0.31
2023-04-04,6.1254,-0.47
2023-04-06,6.064,-1.0
2023-04-07,6.0494,-0.24
2023-04-10,6.0105,-0.64
2023-04-11,5.9769,-0.56
2023-04-12,5.8401,-2.29
2023-04-13,5.8728,0.56
2023-04-14,5.8488,-0.41
2023-04-17,5.938,1.53
2023-04-18,5.9365,-0.03
2023-04-19,5.8747,-1.04
2023-04-20,5.8373,-0.64
2023-04-21,5.7498,-1.5
2023-04-24,5.6628,-1.51
2023-04-25,5.6217,-0.73
2023-04-26,5.6678,0.82
2023-04-27,5.6525,-0.27
2023-04-28,5.6849,0.57
2023-05-04,5.6369,-0.84
2023-05-05,5.6993,1.11
2023-05-08,5.6884,-0.19
2023-05-09,5.6143,-1.3
2023-05-10,5.5903,-0.43
2023-05-11,5.5785,-0.21
2023-05-12,5.5977,0.34
2023-05-15,5.6687,1.27
2023-05-16,5.677,0.15
2023-05-17,5.6071,-1.23
2023-05-18,5.606,-0.02
2023-05-19,5.5741,-0.57
2023-05-22,5.7122,2.48
2023-05-23,5.6473,-1.14
2023-05-24,5.5595,-1.55
2023-05-25,5.4546,-1.89
2023-05-26,5.4572,0.05
2023-05-29,5.3825,-1.37
2023-05-30,5.3794,-0.06
2023-05-31,5.2562,-2.29
2023-06-01,5.3124,1.07
2023-06-02,5.5169,3.85
2023-06-05,5.4913,-0.46
2023-06-06,5.4952,0.07
2023-06-07,5.514,0.34
2023-06-08,5.5528,0.7
2023-06-09,5.5682,0.28
2023-06-12,5.6284,1.08
2023-06-13,5.693,1.15
2023-06-14,5.735,0.74
2023-06-15,5.8774,2.48
2023-06-16,5.9362,1.0
2023-06-19,5.8197,-1.96
2023-06-20,5.7075,-1.93
2023-06-21,5.6076,-1.75
2023-06-26,5.4994,-1.93
2023-06-27,5.5781,1.43
2023-06-28,5.5672,-0.2
2023-06-29,5.4675,-1.79
2023-06-30,5.4581,-0.17
2023-07-03,5.593,2.47
2023-07-04,5.638,0.8
2023-07-05,5.5451,-1.65
2023-07-06,5.4707,-1.34
2023-07-07,5.4436,-0.5
2023-07-10,5.4825,0.71
2023-07-11,5.5344,0.95
2023-07-12,5.5786,0.8
2023-07-13,5.76,3.25
2023-07-14,5.7598,0.0
2023-07-17,5.7189,-0.71
2023-07-18,5.6301,-1.55
2023-07-19,5.6094,-0.37
2023-07-20,5.6005,-0.16
2023-07-21,5.6674,1.19
2023-07-24,5.5911,-1.35
2023-07-25,5.8706,5.0
2023-07-26,5.841,-0.5
2023-07-27,5.8964,0.95
2023-07-28,6.0297,2.26
2023-07-31,6.0926,1.04
2023-08-01,6.0558,-0.6
2023-08-02,5.95,-1.75
2023-08-03,5.9611,0.19
2023-08-04,6.006,0.75
2023-08-07,5.9637,-0.7
2023-08-08,5.9062,-0.96
2023-08-09,5.9347,0.48
2023-08-10,5.9313,-0.06
2023-08-11,5.8316,-1.68
2023-08-14,5.7502,-1.4
2023-08-15,5.7242,-0.45
2023-08-16,5.7043,-0.35
2023-08-17,5.7308,0.46
2023-08-18,5.597,-2.33
2023-08-21,5.5316,-1.17
2023-08-22,5.5607,0.53
2023-08-23,5.5231,-0.68
2023-08-24,5.6685,2.63
2023-08-25,5.6066,-1.09
2023-08-28,5.6409,0.61
2023-08-29,5.7229,1.45
2023-08-30,5.6842,-0.68
2023-08-31,5.6354,-0.86
2023-09-01,5.686,0.9
2023-09-04,5.8495,2.88
2023-09-05,5.7727,-1.31
2023-09-06,5.7762,0.06
2023-09-07,5.6776,-1.71
2023-09-08,5.6723,-0.09
2023-09-11,5.6754,0.05
2023-09-12,5.6378,-0.66
2023-09-13,5.6188,-0.34
2023-09-14,5.6285,0.17
2023-09-15,5.61,-0.33
2023-09-18,5.5951,-0.27
2023-09-19,5.5881,-0.13
2023-09-20,5.5388,-0.88
2023-09-21,5.4457,-1.68
2023-09-22,5.5875,2.6
2023-09-25,5.515,-1.3
2023-09-26,5.4515,-1.15
2023-09-27,5.4689,0.32
2023-09-28,5.4069,-1.13
2023-10-09,5.3929,-0.26
2023-10-10,5.3877,-0.1
2023-10-11,5.4396,0.96
2023-10-12,5.4978,1.07
2023-10-13,5.3514,-2.66
2023-10-16,5.2808,-1.32
2023-10-17,5.3099,0.55
2023-10-18,5.2672,-0.8
2023-10-19,5.1099,-2.99
2023-10-20,5.096,-0.27
2023-10-23,5.0916,-0.09
2023-10-24,5.0907,-0.02
2023-10-25,5.1687,1.53
2023-10-26,5.175,0.12
2023-10-27,5.2732,1.9
2023-10-30,5.3084,0.67
2023-10-31,5.2558,-0.99
2023-11-01,5.2809,0.48
2023-11-02,5.2578,-0.44
2023-11-03,5.3654,2.05
2023-11-06,5.441,1.41
2023-11-07,5.3791,-1.14
2023-11-08,5.3668,-0.23
2023-11-09,5.3506,-0.3
2023-11-10,5.2618,-1.66
2023-11-13,5.2762,0.27
2023-11-14,5.2506,-0.49
2023-11-15,5.3812,2.49
2023-11-16,5.3269,-1.01
2023-11-17,5.2292,-1.83
2023-11-20,5.2918,1.2
2023-11-21,5.3325,0.77
2023-11-22,5.2989,-0.63
2023-11-23,5.3093,0.2
2023-11-24,5.247,-1.17
2023-11-27,5.2178,-0.56
2023-11-28,5.175,-0.82
2023-11-29,5.1069,-1.32
2023-11-30,5.1234,0.32
2023-12-01,5.0649,-1.14
2023-12-04,4.9357,-2.55
2023-12-05,4.8121,-2.5
2023-12-06,4.8361,0.5
2023-12-07,4.8042,-0.66
2023-12-08,4.7996,-0.1
2023-12-11,4.7256,-1.54
2023-12-12,4.7756,1.06
2023-12-13,4.6548,-2.53
2023-12-14,4.6208,-0.73
2023-12-15,4.6983,1.68
2023-12-18,4.6979,-0.01
2023-12-19,4.6815,-0.35
2023-12-20,4.6869,0.12
2023-12-21,4.7184,0.67
2023-12-22,4.6104,-2.29
2023-12-25,4.6256,0.33
2023-12-26,4.6092,-0.35
2023-12-27,4.6509,0.9
2023-12-28,4.8162,3.55
2023-12-29,4.8085,-0.16
2023-12-31,4.8081,-0.01
2024-01-02,4.7169,-1.9
2024-01-03,4.6981,-0.4
2024-01-04,4.6603,-0.8
2024-01-05,4.6145,-0.98
2024-01-08,4.5305,-1.82
2024-01-09,4.4949,-0.79
2024-01-10,4.5007,0.13
2024-01-11,4.5726,1.6
2024-01-12,4.5434,-0.64
2024-01-15,4.5345,-0.2
2024-01-16,4.4936,-0.9
2024-01-17,4.352,-3.15
2024-01-18,4.4152,1.45
2024-01-19,4.3975,-0.4
2024-01-22,4.3264,-1.62
2024-01-23,4.3881,1.43
2024-01-24,4.4813,2.12
2024-01-25,4.5677,1.93
2024-01-26,4.4813,-1.89
2024-01-29,4.5035,0.5
2024-01-30,4.3857,-2.62
2024-01-31,4.3046,-1.85
2024-02-01,4.3313,0.62
2024-02-02,4.2792,-1.2
2024-02-05,4.3136,0.8
2024-02-06,4.5079,4.5
2024-02-07,4.5454,0.83
2024-02-08,4.4849,-1.33
2024-02-19,4.5362,1.14
2024-02-20,4.5305,-0.13
2024-02-21,4.6661,2.99
2024-02-22,4.7109,0.96
2024-02-23,4.722,0.24
2024-02-26,4.694,-0.59
2024-02-27,4.697,0.06
2024-02-28,4.6443,-1.12
2024-02-29,4.6775,0.71
2024-03-01,4.6901,0.27
2024-03-04,4.6687,-0.46
2024-03-05,4.6254,-0.93
2024-03-06,4.6521,0.58
2024-03-07,4.5889,-1.36
2024-03-08,4.6037,0.32
2024-03-11,4.6945,1.97
2024-03-12,4.8684,3.7
2024-03-13,4.8524,-0.33
2024-03-14,4.8391,-0.27
2024-03-15,4.804,-0.73
2024-03-18,4.8127,0.18
2024-03-19,4.8162,0.07
2024-03-20,4.8166,0.01
2024-03-21,4.8432,0.55
2024-03-22,4.7456,-2.02
2024-03-25,4.7376,-0.17
2024-03-26,4.8001,1.32
2024-03-27,4.7619,-0.8
2024-03-28,4.7889,0.57
2024-03-29,4.7881,-0.02
2024-04-01,4.8442,1.17
2024-04-02,4.8824,0.79
2024-04-03,4.8552,-0.56
2024-04-08,4.7578,-2.01
2024-04-09,4.7552,-0.05
2024-04-10,4.772,0.35
2024-04-11,4.7692,-0.06
2024-04-12,4.6857,-1.75
2024-04-15,4.7513,1.4
2024-04-16,4.6788,-1.53
2024-04-17,4.679,0.0
2024-04-18,4.6941,0.32
2024-04-19,4.6476,-0.99
2024-04-22,4.7258,1.68
2024-04-23,4.8202,2.0
2024-04-24,4.8952,1.56
2024-04-25,4.8939,-0.03
2024-04-26,5.0001,2.17
2024-04-29,4.9859,-0.28
2024-04-30,4.9656,-0.41
2024-05-06,5.1517,3.75
2024-05-07,5.1248,-0.52
2024-05-08,5.0632,-1.2
2024-05-09,5.103,0.79
2024-05-10,5.1245,0.42
2024-05-13,5.1036,-0.41
2024-05-14,5.1157,0.24
2024-05-15,5.1097,-0.12
2024-05-16,5.13,0.4
2024-05-17,5.2084,1.53
2024-05-20,5.2085,0.0
2024-05-21,5.1539,-1.05
2024-05-22,5.1098,-0.86
2024-05-23,5.0474,-1.22
2024-05-24,5.0008,-0.92
2024-05-27,5.0378,0.74
2024-05-28,5.0345,-0.07
2024-05-29,4.9896,-0.89
2024-05-30,4.9142,-1.51
2024-05-31,4.889,-0.51
2024-06-03,4.9353,0.95
2024-06-04,4.9622,0.55
2024-06-05,4.9366,-0.52
2024-06-06,4.9357,-0.02
2024-06-07,4.8911,-0.9
2024-06-11,4.8209,-1.44
2024-06-12,4.8004,-0.43
2024-06-13,4.799,-0.03
2024-06-14,4.792,-0.15
2024-06-17,4.7717,-0.42
2024-06-18,4.7272,-0.93
2024-06-19,4.78,1.12
2024-06-20,4.7509,-0.61
2024-06-21,4.682,-1.45
2024-06-24,4.6788,-0.07
2024-06-25,4.6972,0.39
2024-06-26,4.7043,0.15
2024-06-27,4.6533,-1.08
2024-06-28,4.6053,-1.03
2024-06-30,4.605,-0.01
2024-07-01,4.5946,-0.23
2024-07-02,4.6162,0.47
2024-07-03,4.6377,0.47
2024-07-04,4.6337,-0.09
2024-07-05,4.5918,-0.9
2024-07-08,4.5199,-1.57
2024-07-09,4.5311,0.25
2024-07-10,4.5061,-0.55
2024-07-11,4.5841,1.73
2024-07-12,4.662,1.7
2024-07-15,4.6111,-1.09
2024-07-16,4.5693,-0.91
2024-07-17,4.6122,0.94
2024-07-18,4.6089,-0.07
2024-07-19,4.5909,-0.39
2024-07-22,4.5816,-0.2
2024-07-23,4.4837,-2.14
2024-07-24,4.445,-0.86
2024-07-25,4.3951,-1.12
2024-07-26,4.401,0.13
2024-07-29,4.4041,0.07
2024-07-30,4.3602,-1.0
2024-07-31,4.4795,2.74
2024-08-01,4.4386,-0.91
2024-08-02,4.3735,-1.47
2024-08-05,4.3735,0.0
2024-08-06,4.4012,0.63
2024-08-07,4.4613,1.37
2024-08-08,4.4846,0.52
2024-08-09,4.5053,0.46
2024-08-12,4.4995,-0.13
2024-08-13,4.4905,-0.2
2024-08-14,4.4437,-1.04
2024-08-15,4.4203,-0.53
2024-08-16,4.4686,1.09
2024-08-19,4.4644,-0.09
2024-08-20,4.4284,-0.81
2024-08-21,4.4073,-0.48
2024-08-22,4.4096,0.05
2024-08-23,4.4177,0.18
2024-08-26,4.4086,-0.21
2024-08-27,4.4013,-0.17
2024-08-28,4.3142,-1.98
2024-08-29,4.3812,1.55
2024-08-30,4.5094,2.93
2024-09-02,4.3789,-2.89
2024-09-03,4.4064,0.63
2024-09-04,4.3518,-1.24
2024-09-05,4.3518,0.0
2024-09-06,4.3156,-0.83
2024-09-09,4.2453,-1.63
2024-09-10,4.2613,0.38
2024-09-11,4.2507,-0.25
2024-09-12,4.2104,-0.95
2024-09-13,4.1729,-0.89
2024-09-18,4.1666,-0.15
2024-09-19,4.2514,2.04
2024-09-20,4.2664,0.35
2024-09-23,4.2542,-0.29
2024-09-24,4.4819,5.35
2024-09-25,4.5021,0.45
2024-09-26,4.8011,6.64
2024-09-27,5.1139,6.52
2024-09-30,5.4293,6.17
2024-10-08,5.4686,0.72
2024-10-09,5.1911,-5.07
2024-10-10,5.3206,2.49
2024-10-11,5.246,-1.4
2024-10-14,5.2163,-0.57
2024-10-15,5.0264,-3.64
2024-10-16,5.0004,-0.52
2024-10-17,4.9251,-1.51
2024-10-18,5.0897,3.34
2024-10-21,5.0267,-1.24
2024-10-22,5.0787,1.03
2024-10-23,5.1483,1.37
2024-10-24,5.0897,-1.14
2024-10-25,5.1047,0.29
2024-10-28,5.181,1.49
2024-10-29,5.1447,-0.7
2024-10-30,5.0685,-1.48
2024-10-31,5.0387,-0.59
2024-11-01,5.0732,0.68
2024-11-04,5.1206,0.93
2024-11-05,5.2414,2.36
2024-11-06,5.1744,-1.28
2024-11-07,5.4184,4.72
2024-11-08,5.3161,-1.89
2024-11-11,5.2555,-1.14
2024-11-12,5.1568,-1.88
2024-11-13,5.1447,-0.23
2024-11-14,5.0927,-1.01
2024-11-15,5.0612,-0.62
2024-11-18,5.0277,-0.66
2024-11-19,5.0353,0.15
2024-11-20,5.0414,0.12
2024-11-21,5.0294,-0.24
2024-11-22,4.9008,-2.56
2024-11-25,4.8818,-0.39
2024-11-26,4.9088,0.55
2024-11-27,4.9876,1.61
2024-11-28,4.9134,-1.49
2024-11-29,4.9407,0.56
2024-12-02,4.9719,0.63
2024-12-03,4.9931,0.43
2024-12-04,4.9689,-0.48
2024-12-05,4.9361,-0.66
2024-12-06,5.025,1.8
2024-12-09,5.0781,1.06
2024-12-10,5.119,0.81
2024-12-11,5.0895,-0.58
2024-12-12,5.1803,1.78
2024-12-13,5.036,-2.79
2024-12-16,4.9675,-1.36
2024-12-17,4.9789,0.23
2024-12-18,5.0119,0.66
2024-12-19,4.9748,-0.74
2024-12-20,4.9569,-0.36
2024-12-23,4.9469,-0.2
2024-12-24,4.979,0.65
2024-12-25,4.97,-0.18
2024-12-26,4.9682,-0.04
2024-12-27,4.9463,-0.44
2024-12-30,4.9074,-0.79
2024-12-31,4.8948,-0.26
2025-01-02,4.8135,-1.66
2025-01-03,4.7916,-0.45
2025-01-06,4.7176,-1.54
2025-01-07,4.6841,-0.71
2025-01-08,4.6511,-0.7
2025-01-09,4.6467,-0.09
2025-01-10,4.5924,-1.17
2025-01-13,4.5876,-0.1
2025-01-14,4.6971,2.39
2025-01-15,4.683,-0.3
2025-01-16,4.6937,0.23
2025-01-17,4.7067,0.28
2025-01-20,4.7961,1.9
2025-01-21,4.7925,-0.08
2025-01-22,4.7093,-1.74
2025-01-23,4.7121,0.06
2025-01-24,4.7503,0.81
2025-01-27,4.7868,0.77
2025-02-05,4.8218,0.73
2025-02-06,4.8547,0.68
2025-02-07,4.9129,1.2
2025-02-10,4.9666,1.09
2025-02-11,4.9145,-1.05
2025-02-12,5.0077,1.9
2025-02-13,5.0967,1.78
2025-02-14,5.2332,2.68
2025-02-17,5.2307,-0.05
2025-02-18,5.236,0.1
2025-02-19,5.2355,-0.01
2025-02-20,5.1701,-1.25
2025-02-21,5.323,2.96
2025-02-24,5.3113,-0.22
2025-02-25,5.1678,-2.7
2025-02-26,5.3024,2.6
2025-02-27,5.337,0.65
2025-02-28,5.2251,-2.1
2025-03-03,5.2402,0.29
2025-03-04,5.223,-0.33
2025-03-05,5.2718,0.93
2025-03-06,5.4438,3.26
2025-03-07,5.4545,0.2
2025-03-10,5.3781,-1.4
2025-03-11,5.4463,1.27
2025-03-12,5.3846,-1.13
2025-03-13,5.3429,-0.77
2025-03-14,5.5254,3.42
2025-03-17,5.5469,0.39
2025-03-18,5.6226,1.36
2025-03-19,5.5945,-0.5
2025-03-20,5.4585,-2.43
2025-03-21,5.3844,-1.36
2025-03-24,5.4041,0.37
2025-03-25,5.3337,-1.3
2025-03-26,5.3584,0.46
2025-03-27,5.4005,0.79
2025-03-28,5.3831,-0.32
2025-03-31,5.3059,-1.43
2025-04-01,5.3394,0.63
2025-04-02,5.3218,-0.33
2025-04-03,5.3044,-0.33
2025-04-07,4.8327,-8.89
2025-04-08,4.9517,2.46
2025-04-09,4.9983,0.94
2025-04-10,5.0759,1.55
2025-04-11,5.0397,-0.71
2025-04-14,5.0833,0.87
2025-04-15,5.0917,0.17
2025-04-16,5.0524,-0.77
2025-04-17,5.1166,1.27
2025-04-18,5.1058,-0.21
2025-04-21,5.0751,-0.6
2025-04-22,5.0636,-0.23
2025-04-23,5.1315,1.34
2025-04-24,5.0897,-0.81
2025-04-25,5.0877,-0.04
2025-04-28,5.0864,-0.03
2025-04-29,5.0796,-0.13
2025-04-30,5.1049,0.5
2025-05-06,5.1824,1.52
2025-05-07,5.1878,0.1
2025-05-08,5.2015,0.26
2025-05-09,5.2114,0.19
2025-05-12,5.3259,2.2
2025-05-13,5.2729,-1.0
2025-05-14,5.3958,2.33
2025-05-15,5.35,-0.85
2025-05-16,5.2799,-1.31
2025-05-19,5.2117,-1.29
2025-05-20,5.2402,0.55
2025-05-21,5.2262,-0.27
2025-05-22,5.172,-1.04
2025-05-23,5.1647,-0.14
2025-05-26,5.1114,-1.03
2025-05-27,5.1133,0.04
2025-05-28,5.1204,0.14
2025-05-29,5.1539,0.65
2025-05-30,5.0681,-1.66
2025-06-03,5.0545,-0.27
2025-06-04,5.0412,-0.26
2025-06-05,5.0717,0.61
2025-06-06,5.0389,-0.65
2025-06-09,5.0632,0.48
2025-06-10,5.0418,-0.42
2025-06-11,5.0624,0.41
2025-06-12,5.0082,-1.07
2025-06-13,4.9129,-1.9
2025-06-16,4.9296,0.34
2025-06-17,4.9499,0.41
2025-06-18,4.9338,-0.33
2025-06-19,4.8634,-1.43
2025-06-20,4.9329,1.43
2025-06-23,4.9024,-0.62
2025-06-24,4.9705,1.39
2025-06-25,4.9925,0.44
2025-06-26,4.9763,-0.32
2025-06-27,4.9405,-0.72
2025-06-30,4.9307,-0.2
2025-07-01,4.9168,-0.28
2025-07-02,4.9183,0.03
2025-07-03,4.906,-0.25
2025-07-04,4.915,0.18
2025-07-07,4.9259,0.22
2025-07-08,4.972,0.94
2025-07-09,4.9559,-0.32
2025-07-10,4.9771,0.43
2025-07-11,5.0041,0.54
2025-07-14,5.0143,0.2
2025-07-15,5.0494,0.7
2025-07-16,5.0542,0.1
2025-07-17,5.0588,0.09
2025-07-18,5.1399,1.6
2025-07-21,5.1421,0.04
2025-07-22,5.2162,1.44
2025-07-23,5.2635,0.91
2025-07-24,5.2808,0.33
2025-07-25,5.2008,-1.51
2025-07-28,5.1957,-0.1
2025-07-29,5.1927,-0.06
2025-07-30,5.1846,-0.16
2025-07-31,5.0773,-2.07
2025-08-01,5.0407,-0.72
2025-08-04,5.0716,0.61
2025-08-05,5.1198,0.95
2025-08-06,5.1175,-0.04
2025-08-07,5.1514,0.66
2025-08-08,5.1175,-0.66
2025-08-11,5.1743,1.11
2025-08-12,5.1581,-0.31
2025-08-13,5.2344,1.48
2025-08-14,5.2275,-0.13
2025-08-15,5.2459,0.35
2025-08-18,5.2807,0.66
2025-08-19,5.3217,0.78
2025-08-20,5.3604,0.73
2025-08-21,5.353,-0.14
2025-08-22,5.3965,0.81
2025-08-25,5.5373,2.61
2025-08-26,5.5434,0.11
2025-08-27,5.4431,-1.81
2025-08-28,5.4398,-0.06
2025-08-29,5.5141,1.37
2025-09-01,5.6059,1.66
2025-09-02,5.5886,-0.31
2025-09-03,5.5409,-0.85
2025-09-04,5.5021,-0.7
2025-09-05,5.5472,0.82
2025-09-08,5.6414,1.7
2025-09-09,5.6925,0.91
2025-09-10,5.7157,0.41
2025-09-11,5.7339,0.32
2025-09-12,5.7451,0.2
2025-09-15,5.7614,0.28
2025-09-16,5.761,-0.01
2025-09-17,5.8306,1.21
2025-09-18,5.7344,-1.65
2025-09-19,5.758,0.41
2025-09-22,5.7075,-0.88
2025-09-23,5.6789,-0.5
2025-09-24,5.7668,1.55
2025-09-25,5.7453,-0.37
2025-09-26,5.6582,-1.52
2025-09-29,5.7831,2.21
2025-09-30,5.7973,0.25
2025-10-09,5.6941,-1.78
2025-10-10,5.628,-1.16
2025-10-13,5.5612,-1.19
2025-10-14,5.5484,-0.23
2025-10-15,5.6399,1.65
2025-10-16,5.6515,0.21
2025-10-17,5.5535,-1.73
2025-10-20,5.6241,1.27
2025-10-21,5.6573,0.59
2025-10-22,5.6169,-0.71
2025-10-23,5.6563,0.7
2025-10-24,5.6464,-0.18
2025-10-27,5.665,0.33
2025-10-28,5.6531,-0.21
2025-10-29,5.6337,-0.34
2025-10-30,5.6043,-0.52
2025-10-31,5.5908,-0.24
2025-11-03,5.6156,0.44
2025-11-04,5.5838,-0.57
2025-11-05,5.5521,-0.57
2025-11-06,5.5971,0.81
2025-11-07,5.5432,-0.96
2025-11-10,5.7468,3.67
2025-11-11,5.7621,0.27
2025-11-12,5.7994,0.65
2025-11-13,5.8359,0.63
2025-11-14,5.7576,-1.34
2025-11-17,5.7416,-0.28
2025-11-18,5.7167,-0.43
2025-11-19,5.7137,-0.05
2025-11-20,5.6817,-0.56
2025-11-21,5.5757,-1.87
2025-11-24,5.6063,0.55
2025-11-25,5.6252,0.34
2025-11-26,5.6136,-0.21
2025-11-27,5.5905,-0.41
2025-11-28,5.5964,0.11
2025-12-01,5.6342,0.68
2025-12-02,5.6024,-0.56
2025-12-03,5.5498,-0.94
2025-12-04,5.5189,-0.56
2025-12-05,5.5227,0.07
2025-12-08,5.4723,-0.91
2025-12-09,5.4094,-1.15
2025-12-10,5.4384,0.54
2025-12-11,5.4133,-0.46
2025-12-12,5.4807,1.25
2025-12-15,5.4395,-0.75
2025-12-16,5.3967,-0.79
2025-12-17,5.4504,1.0
2025-12-18,5.4384,-0.22
2025-12-19,5.4683,0.55
2025-12-22,5.4857,0.32
2025-12-23,5.4427,-0.78
2025-12-24,5.4226,-0.37
2025-12-25,5.448,0.47
2025-12-26,5.4341,-0.26
2025-12-29,5.3589,-1.38
2025-12-30,5.3644,0.1
2025-12-31,5.3091,-1.03
2026-01-05,5.4419,2.5
2026-01-06,5.5176,1.39
2026-01-07,5.49,-0.5
2026-01-08,5.4661,-0.44
2026-01-09,5.4976,0.58
2026-01-12,5.5835,1.56
2026-01-13,5.5826,-0.02
2026-01-14,5.558,-0.44
2026-01-15,5.4097,-2.67
2026-01-16,5.3693,-0.75
2026-01-19,5.3285,-0.76
2026-01-20,5.3326,0.08
2026-01-21,5.298,-0.65
2026-01-22,5.2984,0.01
2026-01-23,5.2949,-0.07
2026-01-26,5.2894,-0.1
2026-01-27,5.2983,0.17
2026-01-28,5.3388,0.76
2026-01-29,5.5299,3.58
2026-01-30,5.3999,-2.35
2026-02-02,5.3658,-0.63
2026-02-03,5.3738,0.15
2026-02-04,5.4177,0.82
2026-02-05,5.4613,0.8
2026-02-06,5.3969,-1.18
2026-02-09,5.4406,0.81
2026-02-10,5.4242,-0.3
2026-02-11,5.4064,-0.33
2026-02-12,5.3505,-1.03
2026-02-13,5.3277,-0.43
2026-02-24,5.2775,-0.94
2026-02-25,5.2897,0.23
2026-02-26,5.2166,-1.38
2026-02-27,5.2384,0.42
2026-03-02,5.1606,-1.49
2026-03-03,5.1318,-0.56
2026-03-04,5.0374,-1.84
2026-03-05,5.0025,-0.69
2026-03-06,5.0801,1.55
2026-03-09,5.0443,-0.7
2026-03-10,5.1204,1.51
2026-03-11,5.1225,0.04
2026-03-12,5.1148,-0.15
2026-03-13,5.1389,0.47
2026-03-16,5.1998,1.19
2026-03-17,5.2045,0.09
2026-03-18,5.1864,-0.35
2026-03-19,5.0888,-1.88
2026-03-20,5.0452,-0.86
2026-03-23,4.919,-2.5
2026-03-24,4.975,1.14
2026-03-25,4.9934,0.37
2026-03-26,4.9174,-1.52
2026-03-27,4.9595,0.86
2026-03-30,4.9203,-0.79
2026-03-31,4.9102,-0.21
2026-04-01,4.959,0.99
2026-04-02,4.9408,-0.37
2026-04-03,4.9108,-0.61
2026-04-07,4.8933,-0.36
2026-04-08,4.9973,2.13
2026-04-09,4.9426,-1.09
2026-04-10,4.9472,0.09
2026-04-13,4.8685,-1.59
2026-04-14,4.9026,0.7
2026-04-15,4.9258,0.47
2026-04-16,5.0095,1.7
2026-04-17,4.9584,-1.02
2026-04-20,4.9656,0.15
2026-04-21,4.9679,0.05
2026-04-22,4.9088,-1.19
2026-04-23,4.9109,0.04
2026-04-24,4.941,0.61
2026-04-27,4.8592,-1.66
2026-04-28,4.8295,-0.61
2026-04-29,4.9176,1.82
2026-04-30,4.8599,-1.17
2026-05-06,4.8072,-1.08
2026-05-07,4.8419,0.72
2026-05-08,4.7972,-0.92
2026-05-11,4.7477,-1.03
2026-05-12,4.7064,-0.87
2026-05-13,4.6931,-0.28
2026-05-14,4.6747,-0.39
2026-05-15,4.6076,-1.44
2026-05-18,4.5668,-0.89
2026-05-19,4.6007,0.74
2026-05-20,4.595,-0.12
2026-05-21,4.5363,-1.28
