日期,开盘,收盘,最高,最低,成交量,成交额,振幅,涨跌幅,涨跌额,换手率,股票代码
2021-01-04,0.649,0.645,0.649,0.643,455432,117553542.0,0.92,-0.77,-0.005,0.2,159941
2021-01-05,0.637,0.635,0.638,0.633,280779,71339934.0,0.78,-1.55,-0.01,0.13,159941
2021-01-06,0.637,0.632,0.637,0.631,300724,76223388.0,0.94,-0.47,-0.003,0.13,159941
2021-01-07,0.632,0.634,0.635,0.632,303033,76737926.0,0.47,0.32,0.002,0.13,159941
2021-01-08,0.645,0.647,0.647,0.643,388928,100438587.0,0.63,2.05,0.013,0.17,159941
2021-01-11,0.651,0.65,0.652,0.649,253507,66039767.0,0.46,0.46,0.003,0.11,159941
2021-01-12,0.646,0.646,0.648,0.645,395721,102265991.0,0.46,-0.62,-0.004,0.18,159941
2021-01-13,0.643,0.643,0.644,0.643,110928,28535784.0,0.15,-0.46,-0.003,0.05,159941
2021-01-14,0.645,0.647,0.648,0.645,232187,60099418.0,0.47,0.62,0.004,0.1,159941
2021-01-15,0.643,0.642,0.644,0.641,133535,34315186.0,0.46,-0.77,-0.005,0.06,159941
2021-01-18,0.638,0.639,0.64,0.636,329889,84163782.0,0.62,-0.47,-0.003,0.15,159941
2021-01-19,0.643,0.646,0.649,0.642,249894,64451623.0,1.1,1.1,0.007,0.11,159941
2021-01-20,0.65,0.651,0.652,0.649,188588,49028825.0,0.46,0.77,0.005,0.08,159941
2021-01-21,0.664,0.668,0.668,0.663,224805,59885052.0,0.77,2.61,0.017,0.1,159941
2021-01-22,0.668,0.668,0.669,0.666,324129,86518653.0,0.45,0.0,0.0,0.14,159941
2021-01-25,0.672,0.675,0.676,0.672,96324,25986895.0,0.6,1.05,0.007,0.04,159941
2021-01-26,0.668,0.671,0.674,0.668,131927,35433584.0,0.89,-0.59,-0.004,0.06,159941
2021-01-27,0.676,0.68,0.681,0.676,220723,59952813.0,0.75,1.34,0.009,0.1,159941
2021-01-28,0.66,0.655,0.663,0.654,237601,62548430.0,1.32,-3.68,-0.025,0.11,159941
2021-01-29,0.658,0.654,0.66,0.651,275458,72234746.0,1.37,-0.15,-0.001,0.12,159941
2021-02-01,0.645,0.652,0.652,0.642,198690,51400791.0,1.53,-0.31,-0.002,0.09,159941
2021-02-02,0.663,0.669,0.669,0.663,188668,50317079.0,0.92,2.61,0.017,0.08,159941
2021-02-03,0.676,0.678,0.678,0.674,130238,35214318.0,0.6,1.35,0.009,0.06,159941
2021-02-04,0.674,0.672,0.676,0.668,113976,30650643.0,1.18,-0.88,-0.006,0.05,159941
2021-02-05,0.679,0.681,0.682,0.676,163306,44431454.0,0.89,1.34,0.009,0.07,159941
2021-02-08,0.684,0.685,0.687,0.684,94411,25859845.0,0.44,0.59,0.004,0.04,159941
2021-02-09,0.685,0.684,0.688,0.684,121014,33141870.0,0.58,-0.15,-0.001,0.05,159941
2021-02-10,0.685,0.687,0.688,0.683,193754,53094453.0,0.73,0.44,0.003,0.09,159941
2021-02-18,0.685,0.683,0.687,0.654,149144,40725637.0,4.8,-0.58,-0.004,0.07,159941
2021-02-19,0.678,0.682,0.682,0.677,89653,24341370.0,0.73,-0.15,-0.001,0.04,159941
2021-02-22,0.682,0.675,0.682,0.673,92759,25110856.0,1.32,-1.03,-0.007,0.04,159941
2021-02-23,0.662,0.666,0.669,0.659,99032,26309965.0,1.48,-1.33,-0.009,0.04,159941
2021-02-24,0.663,0.653,0.663,0.65,174672,45928852.0,1.95,-1.95,-0.013,0.08,159941
2021-02-25,0.66,0.666,0.666,0.66,112392,29804657.0,0.92,1.99,0.013,0.05,159941
2021-02-26,0.638,0.637,0.646,0.635,276633,70686553.0,1.65,-4.35,-0.029,0.12,159941
2021-03-01,0.646,0.651,0.651,0.646,122267,31750397.0,0.78,2.2,0.014,0.05,159941
2021-03-02,0.664,0.66,0.665,0.658,158623,41945027.0,1.08,1.38,0.009,0.07,159941
2021-03-03,0.653,0.658,0.658,0.651,97030,25447047.0,1.06,-0.3,-0.002,0.04,159941
2021-03-04,0.635,0.634,0.638,0.632,181692,46073958.0,0.91,-3.65,-0.024,0.08,159941
2021-03-05,0.618,0.626,0.626,0.616,151735,37665583.0,1.58,-1.26,-0.008,0.07,159941
2021-03-08,0.633,0.627,0.635,0.626,250824,63154166.0,1.44,0.16,0.001,0.11,159941
2021-03-09,0.621,0.624,0.628,0.618,338432,84430551.0,1.59,-0.48,-0.003,0.15,159941
2021-03-10,0.641,0.639,0.642,0.638,121766,31138748.0,0.64,2.4,0.015,0.05,159941
2021-03-11,0.641,0.646,0.646,0.635,410434,105243760.0,1.72,1.1,0.007,0.18,159941
2021-03-12,0.657,0.651,0.657,0.65,174836,45625188.0,1.08,0.77,0.005,0.08,159941
2021-03-15,0.653,0.647,0.654,0.646,146523,38034069.0,1.23,-0.61,-0.004,0.07,159941
2021-03-16,0.655,0.661,0.661,0.652,134952,35495705.0,1.39,2.16,0.014,0.06,159941
2021-03-17,0.658,0.66,0.661,0.657,121130,31908911.0,0.61,-0.15,-0.001,0.05,159941
2021-03-18,0.665,0.664,0.666,0.661,111058,29483276.0,0.76,0.61,0.004,0.05,159941
2021-03-19,0.644,0.644,0.646,0.641,114530,29500100.0,0.75,-3.01,-0.02,0.05,159941
2021-03-22,0.645,0.649,0.649,0.643,95156,24634590.0,0.93,0.78,0.005,0.04,159941
2021-03-23,0.654,0.654,0.655,0.652,86333,22580155.0,0.46,0.77,0.005,0.04,159941
2021-03-24,0.655,0.657,0.657,0.655,88115,23125517.0,0.31,0.46,0.003,0.04,159941
2021-03-25,0.645,0.648,0.648,0.644,59603,15402772.0,0.61,-1.37,-0.009,0.03,159941
2021-03-26,0.647,0.652,0.652,0.647,70539,18333813.0,0.77,0.62,0.004,0.03,159941
2021-03-29,0.65,0.652,0.652,0.649,65161,16965532.0,0.46,0.0,0.0,0.03,159941
2021-03-30,0.652,0.653,0.656,0.652,52234,13660213.0,0.61,0.15,0.001,0.02,159941
2021-03-31,0.653,0.651,0.655,0.651,39069,10186106.0,0.61,-0.31,-0.002,0.02,159941
2021-04-01,0.662,0.667,0.667,0.654,100491,26653685.0,2.0,2.46,0.016,0.04,159941
2021-04-02,0.675,0.674,0.677,0.674,70793,19123934.0,0.45,1.05,0.007,0.03,159941
2021-04-06,0.683,0.685,0.686,0.683,111202,30469954.0,0.45,1.63,0.011,0.05,159941
2021-04-07,0.685,0.685,0.686,0.683,67292,18404566.0,0.44,0.0,0.0,0.03,159941
2021-04-08,0.689,0.694,0.694,0.686,83901,23214149.0,1.17,1.31,0.009,0.04,159941
2021-04-09,0.699,0.694,0.702,0.693,110528,30826684.0,1.3,0.0,0.0,0.05,159941
2021-04-12,0.702,0.701,0.702,0.698,97227,27218277.0,0.58,1.01,0.007,0.04,159941
2021-04-13,0.7,0.699,0.702,0.699,62334,17452764.0,0.43,-0.29,-0.002,0.03,159941
2021-04-14,0.707,0.71,0.711,0.707,68728,19489041.0,0.57,1.57,0.011,0.03,159941
2021-04-15,0.701,0.702,0.703,0.699,90718,25421983.0,0.56,-1.13,-0.008,0.04,159941
2021-04-16,0.707,0.707,0.709,0.707,108689,30755933.0,0.28,0.71,0.005,0.05,159941
2021-04-19,0.708,0.71,0.711,0.707,93723,26593645.0,0.57,0.42,0.003,0.04,159941
2021-04-20,0.703,0.7,0.704,0.698,115357,32348152.0,0.85,-1.41,-0.01,0.05,159941
2021-04-21,0.692,0.695,0.695,0.69,104397,28889762.0,0.71,-0.71,-0.005,0.05,159941
2021-04-22,0.7,0.701,0.702,0.699,72163,20218000.0,0.43,0.86,0.006,0.03,159941
2021-04-23,0.695,0.693,0.695,0.692,64064,17761798.0,0.43,-1.14,-0.008,0.03,159941
2021-04-26,0.701,0.699,0.701,0.698,48255,13498184.0,0.43,0.87,0.006,0.02,159941
2021-04-27,0.703,0.705,0.706,0.703,87216,24590430.0,0.43,0.86,0.006,0.04,159941
2021-04-28,0.701,0.703,0.704,0.701,60945,17122812.0,0.43,-0.28,-0.002,0.03,159941
2021-04-29,0.705,0.707,0.707,0.703,79970,22521927.0,0.57,0.57,0.004,0.04,159941
2021-04-30,0.7,0.701,0.701,0.697,82090,22928121.0,0.57,-0.85,-0.006,0.04,159941
2021-05-06,0.685,0.683,0.685,0.68,156163,42579799.0,0.71,-2.57,-0.018,0.07,159941
2021-05-07,0.684,0.682,0.686,0.68,112015,30594938.0,0.88,-0.15,-0.001,0.05,159941
2021-05-10,0.686,0.686,0.687,0.682,114101,31296173.0,0.73,0.59,0.004,0.05,159941
2021-05-11,0.667,0.667,0.667,0.662,199738,53084758.0,0.73,-2.77,-0.019,0.09,159941
2021-05-12,0.664,0.666,0.667,0.663,85746,22812179.0,0.6,-0.15,-0.001,0.04,159941
2021-05-13,0.653,0.656,0.657,0.651,134778,35298576.0,0.9,-1.5,-0.01,0.06,159941
2021-05-14,0.659,0.664,0.664,0.658,93773,24757164.0,0.91,1.22,0.008,0.04,159941
2021-05-17,0.669,0.67,0.671,0.668,99106,26521121.0,0.45,0.9,0.006,0.04,159941
2021-05-18,0.67,0.672,0.675,0.668,121724,32645119.0,1.04,0.3,0.002,0.05,159941
2021-05-19,0.662,0.659,0.662,0.658,166355,43883804.0,0.6,-1.93,-0.013,0.07,159941
2021-05-20,0.66,0.661,0.662,0.66,76362,20191248.0,0.3,0.3,0.002,0.03,159941
2021-05-21,0.673,0.673,0.674,0.671,118531,31859881.0,0.45,1.82,0.012,0.05,159941
2021-05-24,0.67,0.672,0.672,0.669,73941,19821842.0,0.45,-0.15,-0.001,0.03,159941
2021-05-25,0.677,0.68,0.681,0.677,92323,25052314.0,0.6,1.19,0.008,0.04,159941
2021-05-26,0.68,0.68,0.681,0.679,106380,28933959.0,0.29,0.0,0.0,0.05,159941
2021-05-27,0.68,0.677,0.68,0.675,81029,21967496.0,0.74,-0.44,-0.003,0.04,159941
2021-05-28,0.677,0.675,0.678,0.675,82123,22221998.0,0.44,-0.3,-0.002,0.04,159941
2021-05-31,0.676,0.674,0.676,0.673,76488,20618648.0,0.44,-0.15,-0.001,0.03,159941
2021-06-01,0.674,0.675,0.675,0.671,92795,24968523.0,0.59,0.15,0.001,0.04,159941
2021-06-02,0.672,0.672,0.673,0.671,43345,11649436.0,0.3,-0.44,-0.003,0.02,159941
2021-06-03,0.674,0.674,0.674,0.673,76558,20623167.0,0.15,0.3,0.002,0.03,159941
2021-06-04,0.667,0.669,0.669,0.666,42383,11321560.0,0.45,-0.74,-0.005,0.02,159941
2021-06-07,0.676,0.677,0.678,0.676,79335,21475455.0,0.3,1.2,0.008,0.04,159941
2021-06-08,0.682,0.681,0.682,0.679,82959,22596059.0,0.44,0.59,0.004,0.04,159941
2021-06-09,0.681,0.681,0.682,0.681,33018,8998075.0,0.15,0.0,0.0,0.01,159941
2021-06-10,0.681,0.679,0.681,0.678,44899,12206601.0,0.44,-0.29,-0.002,0.02,159941
2021-06-11,0.686,0.687,0.688,0.686,91160,25044867.0,0.29,1.18,0.008,0.04,159941
2021-06-15,0.695,0.699,0.699,0.695,85254,23779512.0,0.58,1.75,0.012,0.04,159941
2021-06-16,0.692,0.692,0.695,0.692,31013,8593757.0,0.43,-1.0,-0.007,0.01,159941
2021-06-17,0.689,0.69,0.69,0.686,43690,12036105.0,0.58,-0.29,-0.002,0.02,159941
2021-06-18,0.701,0.705,0.707,0.701,140692,39667772.0,0.87,2.17,0.015,0.06,159941
2021-06-21,0.702,0.7,0.702,0.698,172160,48164775.0,0.57,-0.71,-0.005,0.08,159941
2021-06-22,0.703,0.705,0.706,0.703,117681,33188805.0,0.43,0.71,0.005,0.05,159941
2021-06-23,0.714,0.716,0.717,0.712,55111,15767125.0,0.71,1.56,0.011,0.02,159941
2021-06-24,0.715,0.715,0.717,0.715,56605,16197132.0,0.28,-0.14,-0.001,0.03,159941
2021-06-25,0.719,0.717,0.719,0.715,88733,25456774.0,0.56,0.28,0.002,0.04,159941
2021-06-28,0.715,0.719,0.72,0.715,72233,20729980.0,0.7,0.28,0.002,0.03,159941
2021-06-29,0.728,0.725,0.728,0.724,70221,20368201.0,0.56,0.83,0.006,0.03,159941
2021-06-30,0.728,0.73,0.731,0.728,46408,13533200.0,0.41,0.69,0.005,0.02,159941
2021-07-01,0.729,0.728,0.729,0.728,16569,4829321.0,0.14,-0.27,-0.002,0.01,159941
2021-07-02,0.728,0.728,0.728,0.726,52486,15265423.0,0.27,0.0,0.0,0.02,159941
2021-07-05,0.738,0.736,0.738,0.734,49094,14450261.0,0.55,1.1,0.008,0.02,159941
2021-07-06,0.737,0.736,0.737,0.735,43208,12712978.0,0.27,0.0,0.0,0.02,159941
2021-07-07,0.738,0.743,0.743,0.738,61262,18167032.0,0.68,0.95,0.007,0.03,159941
2021-07-08,0.743,0.742,0.743,0.742,51131,15182963.0,0.13,-0.13,-0.001,0.02,159941
2021-07-09,0.735,0.741,0.741,0.735,95342,28148278.0,0.81,-0.13,-0.001,0.04,159941
2021-07-12,0.763,0.749,0.763,0.741,77999,23410751.0,2.97,1.08,0.008,0.03,159941
2021-07-13,0.749,0.749,0.752,0.748,37578,11274458.0,0.53,0.0,0.0,0.02,159941
2021-07-14,0.749,0.747,0.749,0.746,33286,9950961.0,0.4,-0.27,-0.002,0.01,159941
2021-07-15,0.747,0.749,0.749,0.746,56863,17005551.0,0.4,0.27,0.002,0.03,159941
2021-07-16,0.741,0.741,0.745,0.74,60139,17847200.0,0.67,-1.07,-0.008,0.03,159941
2021-07-19,0.734,0.736,0.737,0.734,68914,20255988.0,0.4,-0.67,-0.005,0.03,159941
2021-07-20,0.733,0.736,0.736,0.733,62593,18390253.0,0.41,0.0,0.0,0.03,159941
2021-07-21,0.74,0.74,0.741,0.738,61592,18207630.0,0.41,0.54,0.004,0.03,159941
2021-07-22,0.745,0.747,0.747,0.744,33649,10038303.0,0.41,0.95,0.007,0.01,159941
2021-07-23,0.751,0.753,0.753,0.751,36427,10958796.0,0.27,0.8,0.006,0.02,159941
2021-07-26,0.76,0.763,0.763,0.758,82512,25080981.0,0.66,1.33,0.01,0.04,159941
2021-07-27,0.759,0.761,0.762,0.759,56121,17075273.0,0.39,-0.26,-0.002,0.02,159941
2021-07-28,0.751,0.753,0.755,0.75,92364,27801709.0,0.66,-1.05,-0.008,0.04,159941
2021-07-29,0.755,0.755,0.757,0.753,63930,19291284.0,0.53,0.27,0.002,0.03,159941
2021-07-30,0.749,0.742,0.749,0.742,102696,30597823.0,0.93,-1.72,-0.013,0.05,159941
2021-08-02,0.75,0.755,0.755,0.75,93600,28177250.0,0.67,1.75,0.013,0.04,159941
2021-08-03,0.749,0.752,0.753,0.749,53714,16124728.0,0.53,-0.4,-0.003,0.02,159941
2021-08-04,0.755,0.757,0.757,0.755,69648,21060045.0,0.27,0.66,0.005,0.03,159941
2021-08-05,0.757,0.755,0.757,0.755,29454,8903875.0,0.26,-0.26,-0.002,0.01,159941
2021-08-06,0.763,0.761,0.763,0.76,53802,16379541.0,0.4,0.79,0.006,0.02,159941
2021-08-09,0.755,0.757,0.759,0.755,43491,13161491.0,0.53,-0.53,-0.004,0.02,159941
2021-08-10,0.759,0.76,0.76,0.758,43748,13280762.0,0.26,0.4,0.003,0.02,159941
2021-08-11,0.756,0.757,0.757,0.756,31002,9381414.0,0.13,-0.39,-0.003,0.01,159941
2021-08-12,0.756,0.756,0.756,0.755,35823,10823721.0,0.13,-0.13,-0.001,0.02,159941
2021-08-13,0.758,0.758,0.758,0.757,30788,9329583.0,0.13,0.26,0.002,0.01,159941
2021-08-16,0.758,0.759,0.76,0.758,37838,11486107.0,0.26,0.13,0.001,0.02,159941
2021-08-17,0.759,0.762,0.763,0.758,58433,17790295.0,0.66,0.4,0.003,0.03,159941
2021-08-18,0.758,0.76,0.76,0.754,41708,12648691.0,0.79,-0.26,-0.002,0.02,159941
2021-08-19,0.749,0.746,0.753,0.745,77571,23224237.0,1.05,-1.84,-0.014,0.03,159941
2021-08-20,0.751,0.751,0.753,0.75,91708,27552605.0,0.4,0.67,0.005,0.04,159941
2021-08-23,0.76,0.762,0.763,0.76,66260,20171107.0,0.4,1.46,0.011,0.03,159941
2021-08-24,0.771,0.776,0.777,0.771,111719,34610018.0,0.79,1.84,0.014,0.05,159941
2021-08-25,0.777,0.776,0.777,0.774,50069,15525194.0,0.39,0.0,0.0,0.02,159941
2021-08-26,0.775,0.774,0.775,0.772,43325,13402869.0,0.39,-0.26,-0.002,0.02,159941
2021-08-27,0.77,0.776,0.777,0.77,68544,21235867.0,0.9,0.26,0.002,0.03,159941
2021-08-30,0.779,0.779,0.781,0.778,115583,36001358.0,0.39,0.39,0.003,0.05,159941
2021-08-31,0.785,0.79,0.792,0.784,99857,31489118.0,1.03,1.41,0.011,0.04,159941
2021-09-01,0.786,0.786,0.789,0.783,91040,28614711.0,0.76,-0.51,-0.004,0.04,159941
2021-09-02,0.787,0.785,0.787,0.785,45451,14278813.0,0.25,-0.13,-0.001,0.02,159941
2021-09-03,0.786,0.787,0.787,0.784,34772,10923210.0,0.38,0.25,0.002,0.02,159941
2021-09-06,0.787,0.788,0.789,0.785,69273,21808186.0,0.51,0.13,0.001,0.03,159941
2021-09-07,0.788,0.788,0.788,0.786,36431,11469726.0,0.25,0.0,0.0,0.02,159941
2021-09-08,0.787,0.786,0.787,0.786,42667,13421236.0,0.13,-0.25,-0.002,0.02,159941
2021-09-09,0.784,0.781,0.784,0.78,58250,18204137.0,0.51,-0.64,-0.005,0.03,159941
2021-09-10,0.781,0.781,0.781,0.779,41851,13059963.0,0.26,0.0,0.0,0.02,159941
2021-09-13,0.777,0.779,0.779,0.772,55432,17174190.0,0.9,-0.26,-0.002,0.02,159941
2021-09-14,0.778,0.774,0.778,0.773,33754,10468819.0,0.64,-0.64,-0.005,0.02,159941
2021-09-15,0.772,0.771,0.772,0.77,26048,8034164.0,0.26,-0.39,-0.003,0.01,159941
2021-09-16,0.776,0.772,0.778,0.772,61886,19193217.0,0.78,0.13,0.001,0.03,159941
2021-09-17,0.776,0.78,0.78,0.774,52365,16273448.0,0.78,1.04,0.008,0.02,159941
2021-09-22,0.756,0.758,0.764,0.755,115460,34987805.0,1.15,-2.82,-0.022,0.05,159941
2021-09-23,0.766,0.766,0.767,0.764,50800,15548057.0,0.4,1.06,0.008,0.02,159941
2021-09-24,0.771,0.768,0.771,0.768,40264,12386994.0,0.39,0.26,0.002,0.02,159941
2021-09-27,0.771,0.773,0.773,0.77,42911,13242531.0,0.39,0.65,0.005,0.02,159941
2021-09-28,0.764,0.76,0.764,0.759,42998,13103260.0,0.65,-1.68,-0.013,0.02,159941
2021-09-29,0.743,0.747,0.749,0.742,102632,30604660.0,0.92,-1.71,-0.013,0.05,159941
2021-09-30,0.747,0.75,0.75,0.744,69761,20846156.0,0.8,0.4,0.003,0.03,159941
2021-10-08,0.751,0.748,0.752,0.747,49193,14744981.0,0.67,-0.27,-0.002,0.02,159941
2021-10-11,0.744,0.739,0.744,0.737,77851,23051633.0,0.94,-1.2,-0.009,0.03,159941
2021-10-12,0.735,0.733,0.735,0.733,66045,19382031.0,0.27,-0.81,-0.006,0.03,159941
2021-10-13,0.732,0.736,0.736,0.732,49664,14561614.0,0.55,0.41,0.003,0.02,159941
2021-10-14,0.74,0.745,0.746,0.739,53974,16031996.0,0.95,1.22,0.009,0.02,159941
2021-10-15,0.754,0.757,0.758,0.753,141631,42812872.0,0.67,1.61,0.012,0.06,159941
2021-10-18,0.757,0.754,0.759,0.754,119251,36062844.0,0.66,-0.4,-0.003,0.05,159941
2021-10-19,0.762,0.764,0.765,0.762,73515,22434232.0,0.4,1.33,0.01,0.03,159941
2021-10-20,0.766,0.765,0.766,0.764,77853,23834364.0,0.26,0.13,0.001,0.03,159941
2021-10-21,0.763,0.764,0.765,0.761,104696,31984045.0,0.52,-0.13,-0.001,0.05,159941
2021-10-22,0.766,0.768,0.768,0.765,106567,32666410.0,0.39,0.52,0.004,0.05,159941
2021-10-25,0.762,0.764,0.765,0.761,69323,21150622.0,0.52,-0.52,-0.004,0.03,159941
2021-10-26,0.771,0.773,0.774,0.771,42156,13019952.0,0.39,1.18,0.009,0.02,159941
2021-10-27,0.772,0.772,0.772,0.77,43907,13540141.0,0.26,-0.13,-0.001,0.02,159941
2021-10-28,0.775,0.774,0.776,0.774,62817,19466702.0,0.26,0.26,0.002,0.03,159941
2021-10-29,0.777,0.775,0.779,0.775,79134,24568097.0,0.52,0.13,0.001,0.04,159941
2021-11-01,0.786,0.788,0.789,0.786,61402,19348266.0,0.39,1.68,0.013,0.03,159941
2021-11-02,0.789,0.789,0.79,0.787,56689,17865378.0,0.38,0.13,0.001,0.03,159941
2021-11-03,0.793,0.794,0.795,0.793,56910,18060908.0,0.25,0.63,0.005,0.03,159941
2021-11-04,0.801,0.805,0.806,0.801,96923,31179601.0,0.63,1.39,0.011,0.04,159941
2021-11-05,0.812,0.814,0.814,0.812,79654,25917608.0,0.25,1.12,0.009,0.04,159941
2021-11-08,0.813,0.811,0.815,0.81,126096,40977165.0,0.61,-0.37,-0.003,0.06,159941
2021-11-09,0.809,0.814,0.814,0.808,143632,46598567.0,0.74,0.37,0.003,0.06,159941
2021-11-10,0.806,0.806,0.806,0.8,98119,31553187.0,0.74,-0.98,-0.008,0.04,159941
2021-11-11,0.795,0.799,0.8,0.795,85854,27396409.0,0.62,-0.87,-0.007,0.04,159941
2021-11-12,0.8,0.799,0.801,0.798,38769,12400484.0,0.38,0.0,0.0,0.02,159941
2021-11-15,0.806,0.806,0.807,0.805,142839,46044152.0,0.25,0.88,0.007,0.06,159941
2021-11-16,0.806,0.802,0.806,0.801,177826,57130840.0,0.62,-0.5,-0.004,0.08,159941
2021-11-17,0.809,0.809,0.81,0.808,77741,25157864.0,0.25,0.87,0.007,0.03,159941
2021-11-18,0.808,0.811,0.811,0.808,96652,31315622.0,0.37,0.25,0.002,0.04,159941
2021-11-19,0.817,0.823,0.824,0.817,100793,33142048.0,0.86,1.48,0.012,0.04,159941
2021-11-22,0.827,0.824,0.827,0.824,90373,29836100.0,0.36,0.12,0.001,0.04,159941
2021-11-23,0.813,0.811,0.815,0.81,162257,52666837.0,0.61,-1.58,-0.013,0.07,159941
2021-11-24,0.81,0.813,0.813,0.809,84347,27353876.0,0.49,0.25,0.002,0.04,159941
2021-11-25,0.815,0.817,0.817,0.813,48561,15827814.0,0.49,0.49,0.004,0.02,159941
2021-11-26,0.813,0.808,0.813,0.808,77044,24960193.0,0.61,-1.1,-0.009,0.03,159941
2021-11-29,0.802,0.806,0.807,0.802,99283,31949821.0,0.62,-0.25,-0.002,0.04,159941
2021-11-30,0.814,0.81,0.816,0.805,150461,48806481.0,1.36,0.5,0.004,0.07,159941
2021-12-01,0.805,0.809,0.811,0.804,169898,54850154.0,0.86,-0.12,-0.001,0.08,159941
2021-12-02,0.792,0.791,0.792,0.789,203022,64178802.0,0.37,-2.22,-0.018,0.09,159941
2021-12-03,0.791,0.789,0.792,0.787,109372,34556922.0,0.63,-0.25,-0.002,0.05,159941
2021-12-06,0.779,0.78,0.78,0.778,89781,27973661.0,0.25,-1.14,-0.009,0.04,159941
2021-12-07,0.786,0.791,0.791,0.785,120750,38042579.0,0.77,1.41,0.011,0.05,159941
2021-12-08,0.81,0.81,0.811,0.809,118175,38270622.0,0.25,2.4,0.019,0.05,159941
2021-12-09,0.81,0.807,0.81,0.806,101424,32762465.0,0.49,-0.37,-0.003,0.05,159941
2021-12-10,0.798,0.8,0.802,0.798,93750,30014995.0,0.5,-0.87,-0.007,0.04,159941
2021-12-13,0.81,0.809,0.811,0.807,169210,54709103.0,0.5,1.13,0.009,0.08,159941
2021-12-14,0.797,0.796,0.798,0.796,87615,27922559.0,0.25,-1.61,-0.013,0.04,159941
2021-12-15,0.789,0.789,0.79,0.788,108125,34113190.0,0.25,-0.88,-0.007,0.05,159941
2021-12-16,0.804,0.807,0.808,0.803,147096,47374614.0,0.63,2.28,0.018,0.07,159941
2021-12-17,0.786,0.786,0.788,0.784,154573,48623649.0,0.5,-2.6,-0.021,0.07,159941
2021-12-20,0.781,0.775,0.781,0.773,115295,35806389.0,1.02,-1.4,-0.011,0.05,159941
2021-12-21,0.775,0.784,0.784,0.775,95693,29885537.0,1.16,1.16,0.009,0.04,159941
2021-12-22,0.791,0.789,0.791,0.787,97652,30801528.0,0.51,0.64,0.005,0.04,159941
2021-12-23,0.798,0.798,0.799,0.797,92429,29515725.0,0.25,1.14,0.009,0.04,159941
2021-12-24,0.804,0.802,0.805,0.802,84602,27173380.0,0.38,0.5,0.004,0.04,159941
2021-12-27,0.806,0.806,0.808,0.805,131301,42362779.0,0.37,0.5,0.004,0.06,159941
2021-12-28,0.816,0.818,0.82,0.816,153034,50027989.0,0.5,1.49,0.012,0.07,159941
2021-12-29,0.817,0.818,0.818,0.815,113415,37037233.0,0.37,0.0,0.0,0.05,159941
2021-12-30,0.815,0.814,0.816,0.814,66940,21815290.0,0.24,-0.49,-0.004,0.03,159941
2021-12-31,0.811,0.814,0.814,0.808,153844,49901400.0,0.74,0.0,0.0,0.07,159941
2022-01-04,0.818,0.818,0.819,0.816,90503,29593007.0,0.37,0.49,0.004,0.04,159941
2022-01-05,0.805,0.803,0.805,0.802,73546,23628175.0,0.37,-1.83,-0.015,0.03,159941
2022-01-06,0.781,0.779,0.787,0.778,289551,90404061.0,1.12,-2.99,-0.024,0.13,159941
2022-01-07,0.785,0.784,0.789,0.782,150785,47283945.0,0.9,0.64,0.005,0.07,159941
2022-01-10,0.773,0.777,0.777,0.77,170885,52892818.0,0.89,-0.89,-0.007,0.08,159941
2022-01-11,0.776,0.772,0.776,0.771,133762,41404937.0,0.64,-0.64,-0.005,0.06,159941
2022-01-12,0.781,0.787,0.788,0.781,154559,48477054.0,0.91,1.94,0.015,0.07,159941
2022-01-13,0.785,0.784,0.786,0.782,180582,56600091.0,0.51,-0.38,-0.003,0.08,159941
2022-01-14,0.768,0.768,0.768,0.763,188292,57649779.0,0.64,-2.04,-0.016,0.08,159941
2022-01-17,0.768,0.769,0.77,0.767,141396,43436549.0,0.39,0.13,0.001,0.06,159941
2022-01-18,0.769,0.763,0.77,0.703,237367,72572135.0,8.71,-0.78,-0.006,0.11,159941
2022-01-19,0.75,0.747,0.752,0.744,251798,75275175.0,1.05,-2.1,-0.016,0.11,159941
2022-01-20,0.742,0.749,0.749,0.74,256674,76459628.0,1.2,0.27,0.002,0.11,159941
2022-01-21,0.725,0.725,0.73,0.722,396076,114978042.0,1.07,-3.2,-0.024,0.18,159941
2022-01-24,0.716,0.716,0.718,0.713,206451,59056044.0,0.69,-1.24,-0.009,0.09,159941
2022-01-25,0.707,0.702,0.707,0.699,248205,69855492.0,1.12,-1.96,-0.014,0.11,159941
2022-01-26,0.695,0.699,0.7,0.694,158734,44292597.0,0.85,-0.43,-0.003,0.07,159941
2022-01-27,0.691,0.684,0.692,0.683,240645,66109558.0,1.29,-2.15,-0.015,0.11,159941
2022-01-28,0.695,0.697,0.697,0.692,172129,47791951.0,0.73,1.9,0.013,0.08,159941
2022-02-07,0.718,0.722,0.722,0.713,227518,65377878.0,1.29,3.59,0.025,0.1,159941
2022-02-08,0.718,0.717,0.718,0.715,72905,20883036.0,0.42,-0.69,-0.005,0.03,159941
2022-02-09,0.725,0.728,0.729,0.725,134980,39258424.0,0.56,1.53,0.011,0.06,159941
2022-02-10,0.738,0.739,0.739,0.736,150163,44306040.0,0.41,1.51,0.011,0.07,159941
2022-02-11,0.722,0.719,0.723,0.717,189142,54445402.0,0.81,-2.71,-0.02,0.08,159941
2022-02-14,0.702,0.704,0.707,0.702,161704,45509202.0,0.7,-2.09,-0.015,0.07,159941
2022-02-15,0.704,0.705,0.708,0.702,197316,55674442.0,0.85,0.14,0.001,0.09,159941
2022-02-16,0.717,0.717,0.718,0.715,124942,35812286.0,0.43,1.7,0.012,0.06,159941
2022-02-17,0.715,0.712,0.717,0.71,129557,36980895.0,0.98,-0.7,-0.005,0.06,159941
2022-02-18,0.696,0.703,0.704,0.695,184242,51659069.0,1.26,-1.26,-0.009,0.08,159941
2022-02-21,0.695,0.7,0.7,0.692,141835,39399414.0,1.14,-0.43,-0.003,0.06,159941
2022-02-22,0.683,0.675,0.684,0.673,280095,75835129.0,1.57,-3.57,-0.025,0.12,159941
2022-02-23,0.683,0.687,0.687,0.681,204177,55881620.0,0.89,1.78,0.012,0.09,159941
2022-02-24,0.664,0.65,0.664,0.648,429185,112485635.0,2.33,-5.39,-0.037,0.19,159941
2022-02-25,0.675,0.675,0.676,0.673,419280,113157631.0,0.46,3.85,0.025,0.19,159941
2022-02-28,0.681,0.676,0.681,0.672,244343,65992470.0,1.33,0.15,0.001,0.11,159941
2022-03-01,0.69,0.693,0.695,0.69,192100,53193415.0,0.74,2.51,0.017,0.09,159941
2022-03-02,0.685,0.685,0.687,0.682,217120,59448475.0,0.72,-1.15,-0.008,0.1,159941
2022-03-03,0.694,0.694,0.694,0.692,222884,61783354.0,0.29,1.31,0.009,0.1,159941
2022-03-04,0.678,0.681,0.682,0.677,395580,107524448.0,0.72,-1.87,-0.013,0.18,159941
2022-03-07,0.664,0.665,0.667,0.661,297438,78917126.0,0.88,-2.35,-0.016,0.13,159941
2022-03-08,0.655,0.645,0.661,0.627,435994,113254268.0,5.11,-3.01,-0.02,0.19,159941
2022-03-09,0.65,0.652,0.652,0.646,236084,61390572.0,0.93,1.09,0.007,0.11,159941
2022-03-10,0.67,0.669,0.671,0.667,262468,70243273.0,0.61,2.61,0.017,0.12,159941
2022-03-11,0.66,0.665,0.665,0.658,197923,52365640.0,1.05,-0.6,-0.004,0.09,159941
2022-03-14,0.655,0.656,0.658,0.653,180505,47309270.0,0.75,-1.35,-0.009,0.08,159941
2022-03-15,0.643,0.644,0.648,0.643,129087,33321783.0,0.76,-1.83,-0.012,0.06,159941
2022-03-16,0.659,0.666,0.667,0.658,323601,85611214.0,1.4,3.42,0.022,0.14,159941
2022-03-17,0.683,0.686,0.686,0.682,319361,87348459.0,0.6,3.0,0.02,0.14,159941
2022-03-18,0.687,0.689,0.689,0.684,202502,55631778.0,0.73,0.44,0.003,0.09,159941
2022-03-21,0.704,0.704,0.705,0.702,300946,84686929.0,0.44,2.18,0.015,0.13,159941
2022-03-22,0.702,0.705,0.705,0.701,194368,54636182.0,0.57,0.14,0.001,0.09,159941
2022-03-23,0.72,0.722,0.723,0.719,235166,67817132.0,0.57,2.41,0.017,0.1,159941
2022-03-24,0.713,0.716,0.718,0.712,169855,48590913.0,0.83,-0.83,-0.006,0.08,159941
2022-03-25,0.727,0.729,0.73,0.725,526686,153529585.0,0.7,1.82,0.013,0.23,159941
2022-03-28,0.726,0.726,0.728,0.725,200457,58255797.0,0.41,-0.41,-0.003,0.09,159941
2022-03-29,0.739,0.742,0.743,0.738,239975,71012498.0,0.69,2.2,0.016,0.11,159941
2022-03-30,0.753,0.753,0.756,0.753,238239,71889478.0,0.4,1.48,0.011,0.11,159941
2022-03-31,0.748,0.748,0.75,0.747,173867,52022994.0,0.4,-0.66,-0.005,0.08,159941
2022-04-01,0.736,0.739,0.739,0.734,269798,79524132.0,0.67,-1.2,-0.009,0.12,159941
2022-04-06,0.731,0.733,0.734,0.731,211213,61903145.0,0.41,-0.81,-0.006,0.09,159941
2022-04-07,0.717,0.718,0.72,0.714,286243,81956869.0,0.82,-2.05,-0.015,0.13,159941
2022-04-08,0.718,0.723,0.723,0.717,212654,61174971.0,0.84,0.7,0.005,0.09,159941
2022-04-11,0.709,0.707,0.709,0.703,293042,82792982.0,0.83,-2.21,-0.016,0.13,159941
2022-04-12,0.691,0.692,0.694,0.69,368536,101925382.0,0.57,-2.12,-0.015,0.16,159941
2022-04-13,0.692,0.696,0.698,0.692,415046,115455818.0,0.87,0.58,0.004,0.18,159941
2022-04-14,0.704,0.706,0.708,0.703,398441,112620169.0,0.72,1.44,0.01,0.18,159941
2022-04-15,0.69,0.688,0.69,0.688,117897,32448521.0,0.28,-2.55,-0.018,0.05,159941
2022-04-18,0.682,0.684,0.685,0.681,410930,112289454.0,0.58,-0.58,-0.004,0.18,159941
2022-04-19,0.69,0.694,0.695,0.69,593838,164542092.0,0.73,1.46,0.01,0.26,159941
2022-04-20,0.703,0.703,0.703,0.701,682277,191673124.0,0.29,1.3,0.009,0.3,159941
2022-04-21,0.701,0.708,0.709,0.7,787089,222259877.0,1.28,0.71,0.005,0.35,159941
2022-04-22,0.686,0.692,0.693,0.685,778421,214733140.0,1.13,-2.26,-0.016,0.35,159941
2022-04-25,0.673,0.677,0.683,0.671,595396,161414031.0,1.73,-2.17,-0.015,0.27,159941
2022-04-26,0.69,0.688,0.693,0.686,923945,255157776.0,1.03,1.62,0.011,0.41,159941
2022-04-27,0.665,0.67,0.67,0.663,974050,259499703.0,1.02,-2.62,-0.018,0.43,159941
2022-04-28,0.671,0.679,0.68,0.67,622712,167921441.0,1.49,1.34,0.009,0.28,159941
2022-04-29,0.688,0.685,0.69,0.684,808797,222264916.0,0.88,0.88,0.006,0.36,159941
2022-05-05,0.693,0.693,0.697,0.693,1014080,281910352.0,0.58,1.17,0.008,0.45,159941
2022-05-06,0.661,0.667,0.669,0.661,652600,173687047.0,1.15,-3.75,-0.026,0.29,159941
2022-05-09,0.659,0.657,0.66,0.655,659754,173318026.0,0.75,-1.5,-0.01,0.29,159941
2022-05-10,0.638,0.649,0.649,0.635,752032,193081202.0,2.13,-1.22,-0.008,0.33,159941
2022-05-11,0.649,0.651,0.654,0.648,956623,249113674.0,0.92,0.31,0.002,0.43,159941
2022-05-12,0.631,0.627,0.635,0.626,1230080,310370384.0,1.38,-3.69,-0.024,0.55,159941
2022-05-13,0.635,0.639,0.64,0.635,964040,246047981.0,0.8,1.91,0.012,0.43,159941
2022-05-16,0.654,0.647,0.654,0.645,1285383,333880976.0,1.41,1.25,0.008,0.57,159941
2022-05-17,0.647,0.647,0.648,0.645,1047423,271052064.0,0.46,0.0,0.0,0.47,159941
2022-05-18,0.654,0.655,0.656,0.653,856423,224139538.0,0.46,1.24,0.008,0.38,159941
2022-05-19,0.625,0.627,0.628,0.623,1860816,465200560.0,0.76,-4.27,-0.028,0.83,159941
2022-05-20,0.629,0.627,0.629,0.626,1751117,439365648.0,0.48,0.0,0.0,0.78,159941
2022-05-23,0.626,0.624,0.627,0.621,1672463,416839920.0,0.96,-0.48,-0.003,0.74,159941
2022-05-24,0.616,0.609,0.616,0.609,1511313,370524464.0,1.12,-2.4,-0.015,0.67,159941
2022-05-25,0.609,0.613,0.613,0.608,1152833,281835184.0,0.82,0.66,0.004,0.51,159941
2022-05-26,0.618,0.618,0.619,0.617,1055803,260772926.0,0.33,0.82,0.005,0.47,159941
2022-05-27,0.635,0.639,0.639,0.634,1191981,303529648.0,0.81,3.4,0.021,0.53,159941
2022-05-30,0.66,0.658,0.661,0.656,1087704,286132016.0,0.78,2.97,0.019,0.48,159941
2022-05-31,0.656,0.651,0.656,0.65,929808,242906975.0,0.91,-1.06,-0.007,0.41,159941
2022-06-01,0.653,0.653,0.654,0.651,799511,208719110.0,0.46,0.31,0.002,0.36,159941
2022-06-02,0.651,0.649,0.651,0.648,640495,166274930.0,0.46,-0.61,-0.004,0.29,159941
2022-06-06,0.648,0.65,0.651,0.646,1027430,266646534.0,0.77,0.15,0.001,0.46,159941
2022-06-07,0.646,0.644,0.646,0.643,1115681,287596560.0,0.46,-0.92,-0.006,0.5,159941
2022-06-08,0.651,0.653,0.654,0.65,599198,156471375.0,0.62,1.4,0.009,0.27,159941
2022-06-09,0.65,0.651,0.653,0.649,596961,155312322.0,0.61,-0.31,-0.002,0.27,159941
2022-06-10,0.635,0.638,0.639,0.635,1469596,374678832.0,0.61,-2.0,-0.013,0.65,159941
2022-06-13,0.607,0.605,0.613,0.604,2702135,656587056.0,1.41,-5.17,-0.033,1.2,159941
2022-06-14,0.594,0.598,0.599,0.593,1977238,471098624.0,0.99,-1.16,-0.007,0.88,159941
2022-06-15,0.596,0.594,0.597,0.591,3936437,934575504.0,1.0,-0.67,-0.004,1.75,159941
2022-06-16,0.606,0.594,0.607,0.593,2956835,711424416.0,2.36,0.0,0.0,1.32,159941
2022-06-17,0.579,0.582,0.584,0.579,3352017,779458496.0,0.84,-2.02,-0.012,1.49,159941
2022-06-20,0.584,0.587,0.588,0.582,2221896,519258208.0,1.03,0.86,0.005,0.99,159941
2022-06-21,0.589,0.592,0.594,0.588,1819182,430099248.0,1.02,0.85,0.005,0.81,159941
2022-06-22,0.595,0.592,0.596,0.592,2124820,504607488.0,0.68,0.0,0.0,0.95,159941
2022-06-23,0.597,0.598,0.599,0.595,1850349,441711680.0,0.68,1.01,0.006,0.82,159941
2022-06-24,0.604,0.611,0.612,0.604,1621520,394757424.0,1.34,2.17,0.013,0.72,159941
2022-06-27,0.623,0.625,0.629,0.623,1381119,345740528.0,0.98,2.29,0.014,0.62,159941
2022-06-28,0.622,0.622,0.624,0.618,1454458,361355872.0,0.96,-0.48,-0.003,0.65,159941
2022-06-29,0.603,0.602,0.606,0.601,2109331,509477760.0,0.8,-3.22,-0.02,0.94,159941
2022-06-30,0.602,0.596,0.603,0.595,2661293,638425616.0,1.33,-1.0,-0.006,1.19,159941
2022-07-01,0.595,0.593,0.596,0.59,2539794,602861776.0,1.01,-0.5,-0.003,1.13,159941
2022-07-04,0.594,0.596,0.597,0.594,1604802,381905744.0,0.51,0.51,0.003,0.71,159941
2022-07-05,0.601,0.604,0.605,0.601,5393682,324973680.0,0.67,1.34,0.008,2.4,159941
2022-07-06,0.612,0.611,0.613,0.607,8593315,524379248.0,0.99,1.16,0.007,3.83,159941
2022-07-07,0.613,0.616,0.617,0.612,6031537,370882448.0,0.82,0.82,0.005,2.69,159941
2022-07-08,0.626,0.623,0.627,0.623,4909709,306747392.0,0.65,1.14,0.007,2.19,159941
2022-07-11,0.622,0.621,0.623,0.62,5096999,316734016.0,0.48,-0.32,-0.002,2.27,159941
2022-07-12,0.612,0.611,0.614,0.609,5664316,346520853.246,0.81,-1.61,-0.01,2.52,159941
2022-07-13,0.611,0.612,0.613,0.61,5044653,308311385.8,0.49,0.16,0.001,2.25,159941
2022-07-14,0.609,0.607,0.61,0.606,6750645,410620850.2,0.65,-0.82,-0.005,3.01,159941
2022-07-15,0.613,0.615,0.617,0.612,5801870,356906484.5,0.82,1.32,0.008,2.58,159941
2022-07-18,0.625,0.63,0.631,0.625,7396782,465058005.2,0.98,2.44,0.015,3.29,159941
2022-07-19,0.621,0.62,0.622,0.619,5462738,338980679.2,0.48,-1.59,-0.01,2.43,159941
2022-07-20,0.639,0.64,0.642,0.638,6793720,434740848.7,0.65,3.23,0.02,3.03,159941
2022-07-21,0.647,0.646,0.649,0.644,6658512,430353759.96,0.78,0.94,0.006,2.97,159941
2022-07-22,0.652,0.653,0.654,0.652,4529404,295765149.829,0.31,1.08,0.007,2.02,159941
2022-07-25,0.645,0.644,0.645,0.643,5964209,384078387.8,0.31,-1.38,-0.009,2.66,159941
2022-07-26,0.638,0.64,0.642,0.637,8143489,521480698.8,0.78,-0.62,-0.004,3.63,159941
2022-07-27,0.638,0.639,0.64,0.638,5740645,366553130.8,0.31,-0.16,-0.001,2.56,159941
2022-07-28,0.652,0.654,0.655,0.65,10286365,671557897.0,0.78,2.35,0.015,4.58,159941
2022-07-29,0.669,0.671,0.674,0.668,13527575,907389472.618,0.92,2.6,0.017,6.03,159941
2022-08-01,0.671,0.672,0.673,0.669,6591964,442612919.124,0.6,0.15,0.001,2.94,159941
2022-08-02,0.672,0.669,0.673,0.668,12760342,855018363.49,0.74,-0.45,-0.003,5.68,159941
2022-08-03,0.67,0.671,0.671,0.668,5476909,366923397.1,0.45,0.3,0.002,2.44,159941
2022-08-04,0.688,0.688,0.69,0.687,11175757,769570817.6,0.45,2.53,0.017,4.98,159941
2022-08-05,0.693,0.692,0.696,0.692,6746546,468345951.54,0.58,0.58,0.004,3.0,159941
2022-08-08,0.686,0.69,0.69,0.685,5895978,405493525.4,0.72,-0.29,-0.002,2.63,159941
2022-08-09,0.686,0.685,0.688,0.685,6519921,447301115.4,0.43,-0.72,-0.005,2.9,159941
2022-08-10,0.678,0.675,0.678,0.675,5582843,377566965.1,0.44,-1.46,-0.01,2.49,159941
2022-08-11,0.697,0.7,0.701,0.696,9376706,654643940.1,0.74,3.7,0.025,4.18,159941
2022-08-12,0.693,0.692,0.693,0.69,4548327,314457001.5,0.43,-1.14,-0.008,2.03,159941
2022-08-15,0.703,0.705,0.706,0.702,5126841,360935233.4,0.58,1.88,0.013,2.28,159941
2022-08-16,0.713,0.714,0.715,0.712,3646111,260230216.65,0.43,1.28,0.009,1.62,159941
2022-08-17,0.713,0.71,0.713,0.71,4813190,342563197.7,0.42,-0.56,-0.004,2.14,159941
2022-08-18,0.702,0.702,0.705,0.7,6805976,478158933.281,0.7,-1.13,-0.008,3.03,159941
2022-08-19,0.706,0.701,0.708,0.701,6441868,454192719.855,1.0,-0.14,-0.001,2.87,159941
2022-08-22,0.691,0.691,0.694,0.69,6694542,463346187.186,0.57,-1.43,-0.01,2.98,159941
2022-08-23,0.682,0.677,0.682,0.675,6665198,452485012.0,1.01,-2.03,-0.014,2.97,159941
2022-08-24,0.678,0.681,0.682,0.676,5623278,381748816.296,0.89,0.59,0.004,2.5,159941
2022-08-25,0.683,0.688,0.689,0.682,5846295,400453021.4,1.03,1.03,0.007,2.6,159941
2022-08-26,0.693,0.693,0.694,0.69,5269953,364722382.76,0.58,0.73,0.005,2.35,159941
2022-08-29,0.659,0.663,0.663,0.658,10215458,675475976.556,0.72,-4.33,-0.03,4.55,159941
2022-08-30,0.663,0.667,0.667,0.662,9959707,661649917.472,0.75,0.6,0.004,4.44,159941
2022-08-31,0.659,0.658,0.661,0.658,8702204,573657346.1,0.45,-1.35,-0.009,3.88,159941
2022-09-01,0.646,0.644,0.648,0.643,9374246,605464464.112,0.76,-2.13,-0.014,4.18,159941
2022-09-02,0.651,0.652,0.653,0.648,10948822,712364041.212,0.78,1.24,0.008,4.88,159941
2022-09-05,0.644,0.645,0.646,0.643,10527833,678400400.8,0.46,-1.07,-0.007,4.69,159941
2022-09-06,0.65,0.649,0.65,0.647,10059456,652279119.14,0.47,0.62,0.004,4.48,159941
2022-09-07,0.639,0.643,0.645,0.638,8258316,530502748.42,1.08,-0.92,-0.006,3.68,159941
2022-09-08,0.655,0.657,0.659,0.655,6932533,455523398.3,0.62,2.18,0.014,3.09,159941
2022-09-09,0.661,0.659,0.662,0.659,6243361,412554827.217,0.46,0.3,0.002,2.78,159941
2022-09-13,0.678,0.68,0.682,0.677,6963583,472542232.274,0.76,3.19,0.021,3.1,159941
2022-09-14,0.646,0.645,0.648,0.643,8152202,526386615.187,0.74,-5.15,-0.035,3.63,159941
2022-09-15,0.65,0.65,0.652,0.649,6679802,434225357.65,0.47,0.78,0.005,2.98,159941
2022-09-16,0.638,0.635,0.639,0.634,5905307,376086308.9,0.77,-2.31,-0.015,2.63,159941
2022-09-19,0.637,0.634,0.639,0.634,9064505,576601525.385,0.79,-0.16,-0.001,4.04,159941
2022-09-20,0.644,0.646,0.646,0.643,5095467,328688172.1,0.47,1.89,0.012,2.27,159941
2022-09-21,0.642,0.642,0.643,0.64,9546988,612798840.8,0.46,-0.62,-0.004,4.25,159941
2022-09-22,0.627,0.629,0.631,0.626,9732874,611449081.11,0.78,-2.02,-0.013,4.34,159941
2022-09-23,0.626,0.626,0.627,0.625,5580881,349340380.037,0.32,-0.48,-0.003,2.49,159941
2022-09-26,0.618,0.616,0.622,0.616,8229185,509016439.539,0.96,-1.6,-0.01,3.67,159941
2022-09-27,0.621,0.628,0.628,0.621,6785626,423736367.8,1.14,1.95,0.012,3.02,159941
2022-09-28,0.625,0.621,0.626,0.619,8287263,515278872.9,1.11,-1.11,-0.007,3.69,159941
2022-09-29,0.632,0.63,0.635,0.629,8697214,550019804.1,0.97,1.45,0.009,3.87,159941
2022-09-30,0.613,0.615,0.615,0.61,10425195,638515865.9,0.79,-2.38,-0.015,4.64,159941
2022-10-10,0.605,0.598,0.606,0.598,9155811,550550914.2,1.3,-2.76,-0.017,4.08,159941
2022-10-11,0.601,0.6,0.602,0.599,6554827,393957595.2,0.5,0.33,0.002,2.92,159941
2022-10-12,0.598,0.601,0.602,0.595,11136230,665696404.69,1.17,0.17,0.001,4.96,159941
2022-10-13,0.596,0.595,0.598,0.594,5642236,336371668.604,0.67,-1.0,-0.006,2.51,159941
2022-10-14,0.607,0.612,0.613,0.606,9927903,605570612.2,1.18,2.86,0.017,4.42,159941
2022-10-17,0.596,0.598,0.599,0.593,10419533,620589496.124,0.98,-2.29,-0.014,4.64,159941
2022-10-18,0.616,0.624,0.627,0.615,9151583,566939512.848,2.01,4.35,0.026,4.08,159941
2022-10-19,0.628,0.622,0.628,0.622,5265271,329176816.1,0.96,-0.32,-0.002,2.35,159941
2022-10-20,0.613,0.614,0.615,0.61,8235036,504432515.0,0.8,-1.29,-0.008,3.67,159941
2022-10-21,0.612,0.613,0.614,0.61,6319428,386841390.6,0.65,-0.16,-0.001,2.81,159941
2022-10-24,0.632,0.631,0.634,0.629,8935912,564568012.884,0.82,2.94,0.018,3.98,159941
2022-10-25,0.641,0.643,0.644,0.638,8529827,547481546.5,0.95,1.9,0.012,3.8,159941
2022-10-26,0.641,0.638,0.642,0.637,5543082,355022614.6,0.78,-0.78,-0.005,2.47,159941
2022-10-27,0.633,0.632,0.634,0.631,5259841,332669860.7,0.47,-0.94,-0.006,2.34,159941
2022-10-28,0.622,0.614,0.622,0.613,7773593,479675545.2,1.42,-2.85,-0.018,3.46,159941
2022-10-31,0.64,0.644,0.644,0.638,7344851,471059159.078,0.98,4.89,0.03,3.27,159941
2022-11-01,0.642,0.643,0.644,0.64,6493408,416733013.38,0.62,-0.16,-0.001,2.89,159941
2022-11-02,0.635,0.634,0.635,0.632,8384881,531017495.9,0.47,-1.4,-0.009,3.73,159941
2022-11-03,0.613,0.614,0.615,0.612,11526777,707057203.002,0.47,-3.15,-0.02,5.13,159941
2022-11-04,0.603,0.61,0.612,0.6,23650872,1429708591.06,1.95,-0.65,-0.004,10.53,159941
2022-11-07,0.604,0.612,0.612,0.603,9134369,555488315.096,1.48,0.33,0.002,4.07,159941
2022-11-08,0.615,0.613,0.616,0.611,10319352,632817214.312,0.82,0.16,0.001,4.6,159941
2022-11-09,0.615,0.617,0.62,0.614,10781987,665614466.62,0.98,0.65,0.004,4.8,159941
2022-11-10,0.607,0.606,0.608,0.605,7103852,430632607.1,0.49,-1.78,-0.011,3.16,159941
2022-11-11,0.644,0.645,0.646,0.641,12068589,776062062.504,0.83,6.44,0.039,5.38,159941
2022-11-14,0.647,0.641,0.647,0.64,4950449,318191277.364,1.09,-0.62,-0.004,2.2,159941
2022-11-15,0.638,0.644,0.646,0.638,7941334,510292834.56,1.25,0.47,0.003,3.54,159941
2022-11-16,0.643,0.651,0.653,0.643,12148558,786481266.1,1.55,1.09,0.007,5.41,159941
2022-11-17,0.643,0.646,0.647,0.643,4956301,319533975.7,0.61,-0.77,-0.005,2.21,159941
2022-11-18,0.645,0.642,0.647,0.642,6022881,388376205.6,0.77,-0.62,-0.004,2.68,159941
2022-11-21,0.642,0.64,0.643,0.64,6964932,446689187.756,0.47,-0.31,-0.002,3.1,159941
2022-11-22,0.637,0.635,0.638,0.634,5960474,379160453.4,0.63,-0.78,-0.005,2.65,159941
2022-11-23,0.642,0.644,0.644,0.641,5274380,338784273.369,0.47,1.42,0.009,2.35,159941
2022-11-24,0.652,0.651,0.653,0.651,5131298,334483191.377,0.31,1.09,0.007,2.29,159941
2022-11-25,0.655,0.654,0.656,0.653,3115980,203887591.8,0.46,0.46,0.003,1.39,159941
2022-11-28,0.648,0.646,0.649,0.644,6248122,403958229.211,0.76,-1.22,-0.008,2.78,159941
2022-11-29,0.643,0.645,0.645,0.641,10045191,645956923.678,0.62,-0.15,-0.001,4.47,159941
2022-11-30,0.639,0.636,0.639,0.635,6296666,400486267.7,0.62,-1.4,-0.009,2.8,159941
2022-12-01,0.655,0.656,0.656,0.652,10500186,687046526.04,0.63,3.14,0.02,4.68,159941
2022-12-02,0.651,0.651,0.654,0.651,4492290,293000050.413,0.46,-0.76,-0.005,2.0,159941
2022-12-05,0.645,0.644,0.646,0.643,6562926,422663450.6,0.46,-1.08,-0.007,2.92,159941
2022-12-06,0.635,0.635,0.636,0.634,6511517,413422168.585,0.31,-1.4,-0.009,2.9,159941
2022-12-07,0.625,0.628,0.628,0.623,7627280,477682420.172,0.79,-1.1,-0.007,3.4,159941
2022-12-08,0.625,0.626,0.627,0.624,6155402,384848185.546,0.48,-0.32,-0.002,2.74,159941
2022-12-09,0.63,0.629,0.631,0.627,5620274,353202436.297,0.64,0.48,0.003,2.5,159941
2022-12-12,0.623,0.624,0.624,0.622,4875097,303645313.895,0.32,-0.79,-0.005,2.17,159941
2022-12-13,0.631,0.634,0.634,0.629,5911714,373236423.002,0.8,1.6,0.01,2.63,159941
2022-12-14,0.638,0.64,0.641,0.638,5285478,337821012.922,0.47,0.95,0.006,2.35,159941
2022-12-15,0.635,0.629,0.636,0.629,5879529,371733860.65,1.09,-1.72,-0.011,2.62,159941
2022-12-16,0.612,0.615,0.616,0.611,10120714,621183214.879,0.79,-2.23,-0.014,4.51,159941
2022-12-19,0.611,0.613,0.614,0.61,6039066,369557680.72,0.65,-0.33,-0.002,2.69,159941
2022-12-20,0.608,0.605,0.609,0.603,7094096,430218314.7,0.98,-1.31,-0.008,3.16,159941
2022-12-21,0.607,0.612,0.613,0.607,6914015,421669814.9,0.99,1.16,0.007,3.08,159941
2022-12-22,0.617,0.612,0.618,0.612,5303095,325650904.4,0.98,0.0,0.0,2.36,159941
2022-12-23,0.602,0.607,0.607,0.6,6213126,375215279.6,1.14,-0.82,-0.005,2.77,159941
2022-12-26,0.608,0.604,0.609,0.602,3115783,188220116.5,1.15,-0.49,-0.003,1.39,159941
2022-12-27,0.606,0.611,0.612,0.606,4129271,251714212.25,0.99,1.16,0.007,1.84,159941
2022-12-28,0.602,0.6,0.605,0.6,5570256,335019243.966,0.82,-1.8,-0.011,2.48,159941
2022-12-29,0.595,0.599,0.6,0.594,5090029,303715947.19,1.0,-0.17,-0.001,2.27,159941
2022-12-30,0.604,0.6,0.606,0.599,10012784,603509004.5,1.17,0.17,0.001,4.46,159941
2023-01-03,0.599,0.6,0.602,0.596,9664957,578146000.94,1.0,0.0,0.0,4.3,159941
2023-01-04,0.597,0.597,0.6,0.595,9410315,561711681.5,0.83,-0.5,-0.003,4.19,159941
2023-01-05,0.598,0.599,0.6,0.596,8946662,534662622.484,0.67,0.34,0.002,3.98,159941
2023-01-06,0.594,0.595,0.598,0.594,7994690,476209186.424,0.67,-0.67,-0.004,3.56,159941
2023-01-09,0.601,0.604,0.605,0.599,7407285,446028699.446,1.01,1.51,0.009,3.3,159941
2023-01-10,0.603,0.602,0.604,0.601,4588891,276493029.2,0.5,-0.33,-0.002,2.04,159941
2023-01-11,0.606,0.607,0.609,0.604,6110130,370725636.115,0.83,0.83,0.005,2.72,159941
2023-01-12,0.615,0.618,0.618,0.614,7003360,431453732.694,0.66,1.81,0.011,3.12,159941
2023-01-13,0.618,0.613,0.618,0.612,6518298,400554787.3,0.97,-0.81,-0.005,2.9,159941
2023-01-16,0.615,0.614,0.616,0.612,7661541,470158363.368,0.65,0.16,0.001,3.41,159941
2023-01-17,0.614,0.616,0.617,0.613,4854411,298555376.138,0.65,0.33,0.002,2.16,159941
2023-01-18,0.616,0.619,0.622,0.614,7306526,451439475.0,1.3,0.49,0.003,3.25,159941
2023-01-19,0.612,0.61,0.613,0.61,5317694,325308954.8,0.48,-1.45,-0.009,2.37,159941
2023-01-20,0.608,0.615,0.615,0.606,6061381,369578435.9,1.48,0.82,0.005,2.7,159941
2023-01-30,0.635,0.635,0.639,0.634,11213218,714230896.876,0.81,3.25,0.02,4.99,159941
2023-01-31,0.627,0.624,0.63,0.624,4942154,309982828.45,0.94,-1.73,-0.011,2.2,159941
2023-02-01,0.632,0.634,0.636,0.631,6206137,392983939.264,0.8,1.6,0.01,2.76,159941
2023-02-02,0.647,0.649,0.651,0.646,9740602,631333544.495,0.79,2.37,0.015,4.34,159941
2023-02-03,0.658,0.656,0.659,0.655,9451204,620967257.496,0.62,1.08,0.007,4.21,159941
2023-02-06,0.657,0.654,0.658,0.652,8426244,552116125.654,0.91,-0.3,-0.002,3.75,159941
2023-02-07,0.655,0.655,0.656,0.654,5382482,352595247.51,0.31,0.15,0.001,2.4,159941
2023-02-08,0.665,0.666,0.666,0.664,6538549,434748027.67,0.31,1.68,0.011,2.91,159941
2023-02-09,0.656,0.658,0.659,0.656,8532043,560946092.1,0.45,-1.2,-0.008,3.8,159941
2023-02-10,0.651,0.648,0.651,0.647,5951442,385997496.23,0.61,-1.52,-0.01,2.65,159941
2023-02-13,0.645,0.646,0.646,0.643,5031379,324493147.74,0.46,-0.31,-0.002,2.24,159941
2023-02-14,0.655,0.655,0.656,0.653,8602302,563323329.024,0.46,1.39,0.009,3.83,159941
2023-02-15,0.659,0.657,0.659,0.657,5647848,371567650.02,0.31,0.31,0.002,2.52,159941
2023-02-16,0.669,0.671,0.672,0.668,6382947,427980484.82,0.61,2.13,0.014,2.84,159941
2023-02-17,0.657,0.654,0.657,0.653,5793068,379524828.582,0.6,-2.53,-0.017,2.58,159941
2023-02-20,0.652,0.654,0.654,0.651,7290570,475811034.9,0.46,0.0,0.0,3.25,159941
2023-02-21,0.651,0.652,0.652,0.65,6559093,426926716.8,0.31,-0.31,-0.002,2.92,159941
2023-02-22,0.641,0.641,0.643,0.64,6714614,430533340.7,0.46,-1.69,-0.011,2.99,159941
2023-02-23,0.644,0.645,0.646,0.644,6043475,389695382.361,0.31,0.62,0.004,2.69,159941
2023-02-24,0.647,0.647,0.648,0.646,4411839,285393525.66,0.31,0.31,0.002,1.97,159941
2023-02-27,0.642,0.642,0.644,0.641,3614773,232175719.0,0.46,-0.77,-0.005,1.61,159941
2023-02-28,0.646,0.644,0.647,0.644,3802511,245353643.5,0.47,0.31,0.002,1.69,159941
2023-03-01,0.64,0.642,0.643,0.639,8624648,552681524.134,0.62,-0.31,-0.002,3.84,159941
2023-03-02,0.636,0.631,0.637,0.63,8741228,552950497.124,1.09,-1.71,-0.011,3.89,159941
2023-03-03,0.638,0.639,0.639,0.636,7295945,465220264.136,0.48,1.27,0.008,3.25,159941
2023-03-06,0.651,0.655,0.656,0.65,12112336,790053906.643,0.94,2.5,0.016,5.39,159941
2023-03-07,0.657,0.656,0.658,0.656,5164246,339163309.3,0.31,0.15,0.001,2.3,159941
2023-03-08,0.651,0.65,0.652,0.649,5652147,367539522.4,0.46,-0.91,-0.006,2.52,159941
2023-03-09,0.652,0.653,0.654,0.651,2999718,195711646.5,0.46,0.46,0.003,1.34,159941
2023-03-10,0.639,0.638,0.641,0.637,6687513,427484849.8,0.61,-2.3,-0.015,2.98,159941
2023-03-13,0.634,0.64,0.641,0.634,13483875,859228488.5,1.1,0.31,0.002,6.01,159941
2023-03-14,0.635,0.631,0.636,0.629,10091793,638240660.8,1.09,-1.41,-0.009,4.49,159941
2023-03-15,0.645,0.646,0.647,0.644,7840056,505951755.11,0.48,2.38,0.015,3.49,159941
2023-03-16,0.65,0.649,0.652,0.648,5144149,334643821.5,0.62,0.46,0.003,2.29,159941
2023-03-17,0.665,0.666,0.666,0.663,5703737,379086900.845,0.46,2.62,0.017,2.54,159941
2023-03-20,0.664,0.657,0.665,0.656,9294932,615821488.0,1.35,-1.35,-0.009,4.14,159941
2023-03-21,0.663,0.663,0.664,0.662,3582204,237521070.132,0.3,0.91,0.006,1.6,159941
2023-03-22,0.672,0.675,0.676,0.672,7215844,486016861.124,0.6,1.81,0.012,3.21,159941
2023-03-23,0.664,0.667,0.667,0.664,10224677,680278730.035,0.44,-1.19,-0.008,4.55,159941
2023-03-24,0.67,0.672,0.674,0.667,8739738,586169943.9,1.05,0.75,0.005,3.89,159941
2023-03-27,0.676,0.68,0.681,0.676,5542595,375980264.988,0.74,1.19,0.008,2.47,159941
2023-03-28,0.674,0.675,0.676,0.672,4574563,308241027.605,0.59,-0.74,-0.005,2.04,159941
2023-03-29,0.673,0.675,0.676,0.673,2780772,187543214.3,0.44,0.0,0.0,1.24,159941
2023-03-30,0.683,0.681,0.684,0.68,6700250,456841158.9,0.59,0.89,0.006,2.98,159941
2023-03-31,0.688,0.684,0.688,0.684,5549392,381030985.2,0.59,0.44,0.003,2.47,159941
2023-04-03,0.693,0.693,0.695,0.693,4073406,282647107.532,0.29,1.32,0.009,1.81,159941
2023-04-04,0.695,0.696,0.696,0.693,4467815,310183550.1,0.43,0.43,0.003,1.99,159941
2023-04-06,0.684,0.683,0.685,0.682,6804160,464911405.925,0.43,-1.87,-0.013,3.03,159941
2023-04-07,0.69,0.689,0.69,0.688,3221721,222015652.246,0.29,0.88,0.006,1.43,159941
2023-04-10,0.688,0.686,0.689,0.686,4474731,307644641.588,0.44,-0.44,-0.003,1.99,159941
2023-04-11,0.69,0.689,0.69,0.688,3016336,207847899.484,0.29,0.44,0.003,1.34,159941
2023-04-12,0.686,0.685,0.686,0.684,2706223,185343504.1,0.29,-0.58,-0.004,1.21,159941
2023-04-13,0.678,0.68,0.681,0.677,3864364,262251114.782,0.58,-0.73,-0.005,1.72,159941
2023-04-14,0.69,0.686,0.69,0.686,3045666,209322011.72,0.59,0.88,0.006,1.36,159941
2023-04-17,0.689,0.689,0.69,0.688,3871217,266741263.93,0.29,0.44,0.003,1.72,159941
2023-04-18,0.688,0.688,0.69,0.687,2404090,165505385.064,0.44,-0.15,-0.001,1.07,159941
2023-04-19,0.689,0.687,0.689,0.686,2646546,182044422.1,0.44,-0.15,-0.001,1.18,159941
2023-04-20,0.688,0.687,0.689,0.686,3477224,239113016.6,0.44,0.0,0.0,1.55,159941
2023-04-21,0.685,0.684,0.686,0.684,2840403,194557014.13,0.29,-0.44,-0.003,1.27,159941
2023-04-24,0.684,0.682,0.686,0.682,4017653,274649754.975,0.58,-0.29,-0.002,1.79,159941
2023-04-25,0.684,0.683,0.684,0.682,3861406,263631894.095,0.29,0.15,0.001,1.72,159941
2023-04-26,0.683,0.682,0.684,0.681,5077796,346601351.3,0.44,-0.15,-0.001,2.26,159941
2023-04-27,0.682,0.683,0.684,0.681,2325088,158650881.6,0.44,0.15,0.001,1.04,159941
2023-04-28,0.696,0.695,0.696,0.694,3000170,208568582.815,0.29,1.76,0.012,1.34,159941
2023-05-04,0.69,0.691,0.693,0.689,2921836,201747981.8,0.58,-0.58,-0.004,1.3,159941
2023-05-05,0.689,0.689,0.69,0.688,1571830,108324020.244,0.29,-0.29,-0.002,0.7,159941
2023-05-08,0.7,0.7,0.701,0.699,4614160,322989018.2,0.29,1.6,0.011,2.06,159941
2023-05-09,0.701,0.701,0.703,0.701,3168366,222400901.38,0.29,0.14,0.001,1.41,159941
2023-05-10,0.699,0.701,0.701,0.698,2275100,159188269.16,0.43,0.0,0.0,1.01,159941
2023-05-11,0.709,0.71,0.711,0.709,2339706,166064561.2,0.29,1.28,0.009,1.04,159941
2023-05-12,0.715,0.712,0.715,0.712,3554430,253557453.9,0.42,0.28,0.002,1.58,159941
2023-05-15,0.709,0.711,0.712,0.708,2841350,201827191.7,0.56,-0.14,-0.001,1.27,159941
2023-05-16,0.714,0.714,0.715,0.713,2882654,205767432.787,0.28,0.42,0.003,1.28,159941
2023-05-17,0.72,0.719,0.721,0.719,3874406,278851481.318,0.28,0.7,0.005,1.73,159941
2023-05-18,0.728,0.729,0.731,0.727,4678113,341028085.2,0.56,1.39,0.01,2.08,159941
2023-05-19,0.748,0.749,0.751,0.747,10001792,749523234.2,0.55,2.74,0.02,4.45,159941
2023-05-22,0.745,0.745,0.746,0.743,3586858,266984793.1,0.4,-0.53,-0.004,1.6,159941
2023-05-23,0.751,0.749,0.753,0.749,6367925,478339151.1,0.54,0.54,0.004,2.84,159941
2023-05-24,0.742,0.738,0.742,0.737,5388871,398743189.6,0.67,-1.47,-0.011,2.4,159941
2023-05-25,0.746,0.749,0.749,0.745,7638700,570301052.9,0.54,1.49,0.011,3.4,159941
2023-05-26,0.755,0.752,0.756,0.751,3997192,301023164.5,0.67,0.4,0.003,1.78,159941
2023-05-29,0.777,0.779,0.779,0.775,6577119,511085574.5,0.53,3.59,0.027,2.93,159941
2023-05-30,0.777,0.78,0.782,0.776,7182347,559763437.224,0.77,0.13,0.001,3.2,159941
2023-05-31,0.779,0.777,0.782,0.776,4885622,380562356.152,0.77,-0.38,-0.003,2.18,159941
2023-06-01,0.775,0.776,0.777,0.772,6670075,516553232.8,0.64,-0.13,-0.001,2.97,159941
2023-06-02,0.785,0.786,0.786,0.783,5865844,460404381.6,0.39,1.29,0.01,2.61,159941
2023-06-05,0.789,0.79,0.791,0.787,7158819,564688597.8,0.51,0.51,0.004,3.19,159941
2023-06-06,0.792,0.791,0.793,0.79,4917319,389341057.9,0.38,0.13,0.001,2.19,159941
2023-06-07,0.792,0.794,0.794,0.791,2837516,224904040.335,0.38,0.38,0.003,1.26,159941
2023-06-08,0.782,0.776,0.783,0.776,10454625,814725043.8,0.88,-2.27,-0.018,4.66,159941
2023-06-09,0.788,0.789,0.79,0.787,6382517,503100704.118,0.39,1.68,0.013,2.84,159941
2023-06-12,0.795,0.798,0.798,0.795,5639169,449162581.4,0.38,1.14,0.009,2.51,159941
2023-06-13,0.811,0.816,0.817,0.81,9058050,737050529.604,0.88,2.26,0.018,4.03,159941
2023-06-14,0.818,0.817,0.82,0.816,6265950,512576867.2,0.49,0.12,0.001,2.79,159941
2023-06-15,0.824,0.822,0.826,0.821,7089178,584112601.5,0.61,0.61,0.005,3.16,159941
2023-06-16,0.828,0.83,0.83,0.826,6374776,528251567.884,0.49,0.97,0.008,2.84,159941
2023-06-19,0.826,0.826,0.827,0.825,4175551,344866148.7,0.24,-0.48,-0.004,1.86,159941
2023-06-20,0.827,0.825,0.828,0.824,3494916,288628622.3,0.48,-0.12,-0.001,1.56,159941
2023-06-21,0.829,0.828,0.831,0.828,4213205,349475108.6,0.36,0.36,0.003,1.88,159941
2023-06-26,0.823,0.822,0.824,0.822,6972111,573473814.3,0.24,-0.72,-0.006,3.11,159941
2023-06-27,0.812,0.811,0.812,0.809,9238817,748818988.3,0.36,-1.34,-0.011,4.12,159941
2023-06-28,0.821,0.822,0.823,0.82,5260535,432115422.58,0.37,1.36,0.011,2.34,159941
2023-06-29,0.829,0.828,0.83,0.828,3023534,250687295.2,0.24,0.73,0.006,1.35,159941
2023-06-30,0.829,0.828,0.83,0.828,4631965,383945886.032,0.24,0.0,0.0,2.06,159941
2023-07-03,0.84,0.843,0.843,0.839,7013128,589658721.8,0.48,1.81,0.015,3.12,159941
2023-07-04,0.84,0.837,0.841,0.836,5741223,481981378.9,0.59,-0.71,-0.006,2.56,159941
2023-07-05,0.838,0.838,0.84,0.837,4211820,353278939.7,0.36,0.12,0.001,1.88,159941
2023-07-06,0.841,0.839,0.842,0.838,4597542,386029315.606,0.48,0.12,0.001,2.05,159941
2023-07-07,0.835,0.835,0.836,0.834,4417081,368815530.4,0.24,-0.48,-0.004,1.97,159941
2023-07-10,0.83,0.828,0.831,0.827,6263980,519026592.3,0.48,-0.84,-0.007,2.79,159941
2023-07-11,0.831,0.832,0.833,0.829,3799350,315898292.0,0.48,0.48,0.004,1.69,159941
2023-07-12,0.834,0.833,0.835,0.832,2001429,166701852.632,0.36,0.12,0.001,0.89,159941
2023-07-13,0.841,0.847,0.847,0.84,6420264,541679676.821,0.84,1.68,0.014,2.86,159941
2023-07-14,0.855,0.85,0.856,0.85,5779947,492886266.9,0.71,0.35,0.003,2.57,159941
2023-07-17,0.85,0.854,0.855,0.85,3982414,339425846.148,0.59,0.47,0.004,1.77,159941
2023-07-18,0.861,0.863,0.864,0.86,4813875,414961043.1,0.47,1.05,0.009,2.14,159941
2023-07-19,0.872,0.876,0.877,0.872,8435535,738386140.6,0.58,1.51,0.013,3.76,159941
2023-07-20,0.87,0.865,0.871,0.865,7843624,681491497.9,0.68,-1.26,-0.011,3.49,159941
2023-07-21,0.849,0.851,0.853,0.848,11082101,942338289.178,0.58,-1.62,-0.014,4.94,159941
2023-07-24,0.849,0.853,0.854,0.848,6608408,562804565.348,0.71,0.24,0.002,2.94,159941
2023-07-25,0.852,0.852,0.853,0.849,5414436,460732539.333,0.47,-0.12,-0.001,2.41,159941
2023-07-26,0.855,0.854,0.856,0.853,5042629,430703234.3,0.35,0.23,0.002,2.25,159941
2023-07-27,0.855,0.861,0.862,0.854,8622189,739297573.245,0.94,0.82,0.007,3.84,159941
2023-07-28,0.856,0.858,0.86,0.855,8619567,739038158.423,0.58,-0.35,-0.003,3.84,159941
2023-07-31,0.867,0.867,0.869,0.861,10713417,926550941.86,0.93,1.05,0.009,4.77,159941
2023-08-01,0.869,0.869,0.871,0.869,3777585,328623776.81,0.23,0.23,0.002,1.68,159941
2023-08-02,0.866,0.857,0.867,0.857,8930961,769297653.614,1.15,-1.38,-0.012,3.98,159941
2023-08-03,0.847,0.843,0.847,0.843,8844948,747844718.907,0.47,-1.63,-0.014,3.94,159941
2023-08-04,0.845,0.85,0.851,0.844,8029502,680430436.892,0.83,0.83,0.007,3.58,159941
2023-08-07,0.844,0.843,0.845,0.842,6102387,514528362.96,0.35,-0.82,-0.007,2.72,159941
2023-08-08,0.847,0.844,0.848,0.844,4557446,385660207.941,0.47,0.12,0.001,2.03,159941
2023-08-09,0.844,0.843,0.844,0.841,4769559,401596602.2,0.36,-0.12,-0.001,2.12,159941
2023-08-10,0.834,0.835,0.835,0.832,6908325,575957690.6,0.36,-0.95,-0.008,3.08,159941
2023-08-11,0.836,0.837,0.838,0.833,6201934,518205299.428,0.6,0.24,0.002,2.76,159941
2023-08-14,0.832,0.832,0.833,0.828,7988384,663262242.5,0.6,-0.6,-0.005,3.56,159941
2023-08-15,0.844,0.846,0.849,0.844,11044392,935531287.024,0.6,1.68,0.014,4.92,159941
2023-08-16,0.839,0.837,0.839,0.836,7633735,639257294.5,0.35,-1.06,-0.009,3.4,159941
2023-08-17,0.828,0.831,0.831,0.827,11803125,978258630.2,0.48,-0.72,-0.006,5.26,159941
2023-08-18,0.817,0.817,0.818,0.814,9678127,789901550.492,0.48,-1.68,-0.014,4.31,159941
2023-08-21,0.818,0.819,0.821,0.818,4333473,355005760.9,0.37,0.24,0.002,1.93,159941
2023-08-22,0.828,0.832,0.832,0.826,6124415,507768792.0,0.73,1.59,0.013,2.73,159941
2023-08-23,0.832,0.832,0.834,0.831,7083037,589868278.401,0.36,0.0,0.0,3.15,159941
2023-08-24,0.85,0.855,0.855,0.849,11644713,992587266.361,0.72,2.76,0.023,5.19,159941
2023-08-25,0.826,0.822,0.826,0.821,10623437,874748883.232,0.58,-3.86,-0.033,4.73,159941
2023-08-28,0.829,0.834,0.834,0.829,4562772,379435795.5,0.61,1.46,0.012,2.03,159941
2023-08-29,0.841,0.84,0.841,0.838,4448049,373444569.016,0.36,0.72,0.006,1.98,159941
2023-08-30,0.858,0.857,0.859,0.857,5663576,486126772.704,0.24,2.02,0.017,2.52,159941
2023-08-31,0.861,0.86,0.864,0.86,6600171,568825132.2,0.47,0.35,0.003,2.94,159941
2023-09-01,0.859,0.86,0.861,0.858,4600415,395503875.34,0.35,0.0,0.0,2.05,159941
2023-09-04,0.86,0.863,0.863,0.859,4490614,386551845.1,0.47,0.35,0.003,2.0,159941
2023-09-05,0.861,0.862,0.863,0.861,3169051,273136752.817,0.23,-0.12,-0.001,1.41,159941
2023-09-06,0.866,0.863,0.866,0.862,4095404,354050822.1,0.46,0.12,0.001,1.82,159941
2023-09-07,0.858,0.857,0.859,0.856,6558012,562436712.0,0.35,-0.7,-0.006,2.92,159941
2023-09-08,0.854,0.859,0.86,0.854,6676228,571882131.92,0.7,0.23,0.002,2.97,159941
2023-09-11,0.857,0.855,0.858,0.853,8399655,718295683.5,0.58,-0.47,-0.004,3.74,159941
2023-09-12,0.86,0.86,0.861,0.859,4592920,394990099.7,0.23,0.58,0.005,2.05,159941
2023-09-13,0.851,0.851,0.851,0.848,7747018,658269890.3,0.35,-1.05,-0.009,3.45,159941
2023-09-14,0.855,0.856,0.858,0.854,5407834,462918163.8,0.47,0.59,0.005,2.41,159941
2023-09-15,0.862,0.862,0.863,0.859,6733088,579840003.5,0.47,0.7,0.006,3.0,159941
2023-09-18,0.847,0.848,0.849,0.846,3865650,327737841.6,0.35,-1.62,-0.014,1.72,159941
2023-09-19,0.85,0.847,0.85,0.846,3186917,270248925.3,0.47,-0.12,-0.001,1.42,159941
2023-09-20,0.846,0.847,0.848,0.845,5019162,424688399.285,0.35,0.0,0.0,2.24,159941
2023-09-21,0.833,0.832,0.833,0.83,9372421,779127445.38,0.35,-1.77,-0.015,4.17,159941
2023-09-22,0.818,0.824,0.824,0.817,8535305,700324399.09,0.84,-0.96,-0.008,3.8,159941
2023-09-25,0.821,0.824,0.826,0.821,6087002,501484945.4,0.61,0.0,0.0,2.71,159941
2023-09-26,0.823,0.817,0.824,0.817,5620301,461041078.9,0.85,-0.85,-0.007,2.5,159941
2023-09-27,0.812,0.816,0.816,0.812,5824723,473782823.3,0.49,-0.12,-0.001,2.59,159941
2023-09-28,0.819,0.814,0.819,0.813,7414957,604815854.782,0.74,-0.25,-0.002,3.3,159941
2023-10-09,0.828,0.826,0.829,0.824,8553561,707013664.9,0.61,1.47,0.012,3.81,159941
2023-10-10,0.837,0.839,0.839,0.836,5091558,426599762.7,0.36,1.57,0.013,2.27,159941
2023-10-11,0.843,0.847,0.848,0.842,5023883,424676554.046,0.72,0.95,0.008,2.24,159941
2023-10-12,0.854,0.852,0.855,0.851,4550577,388068276.1,0.47,0.59,0.005,2.03,159941
2023-10-13,0.848,0.847,0.849,0.845,4394236,372273560.8,0.47,-0.59,-0.005,1.96,159941
2023-10-16,0.84,0.839,0.84,0.836,5005371,419632921.2,0.47,-0.94,-0.008,2.23,159941
2023-10-17,0.846,0.845,0.847,0.844,4778665,403903872.0,0.36,0.72,0.006,2.13,159941
2023-10-18,0.842,0.84,0.843,0.84,4066489,342126105.9,0.36,-0.59,-0.005,1.81,159941
2023-10-19,0.832,0.829,0.833,0.828,7039096,584414315.2,0.6,-1.31,-0.011,3.14,159941
2023-10-20,0.82,0.82,0.822,0.818,9441933,774130129.4,0.48,-1.09,-0.009,4.21,159941
2023-10-23,0.813,0.814,0.815,0.812,8079404,656780656.9,0.37,-0.73,-0.006,3.6,159941
2023-10-24,0.815,0.819,0.819,0.813,7979769,651443120.8,0.74,0.61,0.005,3.55,159941
2023-10-25,0.82,0.817,0.821,0.817,4832501,395829106.9,0.49,-0.24,-0.002,2.15,159941
2023-10-26,0.794,0.792,0.795,0.791,14284468,1131958706.668,0.49,-3.06,-0.025,6.36,159941
2023-10-27,0.79,0.795,0.796,0.79,12849258,1019451078.5,0.76,0.38,0.003,5.72,159941
2023-10-30,0.795,0.795,0.796,0.794,5868591,466491475.8,0.25,0.0,0.0,2.61,159941
2023-10-31,0.797,0.794,0.798,0.793,5083513,404244699.1,0.63,-0.13,-0.001,2.26,159941
2023-11-01,0.8,0.806,0.806,0.799,7679669,616686331.4,0.88,1.51,0.012,3.42,159941
2023-11-02,0.822,0.822,0.824,0.82,6791613,558535992.881,0.5,1.99,0.016,3.03,159941
2023-11-03,0.831,0.829,0.831,0.828,4960612,411520898.016,0.36,0.85,0.007,2.21,159941
2023-11-06,0.838,0.838,0.839,0.837,4454628,373338307.99,0.24,1.09,0.009,1.98,159941
2023-11-07,0.839,0.838,0.84,0.838,5687269,477156282.752,0.24,0.0,0.0,2.53,159941
2023-11-08,0.847,0.847,0.848,0.846,3436152,291127835.2,0.24,1.07,0.009,1.53,159941
2023-11-09,0.848,0.852,0.852,0.848,3172752,269697565.588,0.47,0.59,0.005,1.41,159941
2023-11-10,0.844,0.842,0.844,0.842,6768668,570557986.3,0.23,-1.17,-0.01,3.01,159941
2023-11-13,0.86,0.86,0.861,0.859,4188185,360186857.2,0.24,2.14,0.018,1.87,159941
2023-11-14,0.861,0.862,0.865,0.86,4498401,388139493.8,0.58,0.23,0.002,2.0,159941
2023-11-15,0.878,0.876,0.879,0.876,5016035,440248430.2,0.35,1.62,0.014,2.23,159941
2023-11-16,0.875,0.873,0.875,0.872,3722239,325128463.176,0.34,-0.34,-0.003,1.66,159941
2023-11-17,0.874,0.876,0.877,0.874,2995026,262242469.344,0.34,0.34,0.003,1.33,159941
2023-11-20,0.871,0.863,0.872,0.863,6330071,548490450.2,1.03,-1.48,-0.013,2.82,159941
2023-11-21,0.875,0.873,0.875,0.873,4914877,429526551.7,0.23,1.16,0.01,2.19,159941
2023-11-22,0.865,0.866,0.867,0.865,4122508,357032024.796,0.23,-0.8,-0.007,1.84,159941
2023-11-23,0.873,0.872,0.874,0.871,2590156,225987209.888,0.35,0.69,0.006,1.15,159941
2023-11-24,0.872,0.873,0.874,0.872,2123028,185295402.3,0.23,0.11,0.001,0.95,159941
2023-11-27,0.869,0.868,0.87,0.866,3479972,301993584.08,0.46,-0.57,-0.005,1.55,159941
2023-11-28,0.87,0.871,0.871,0.869,2483438,216111406.6,0.23,0.35,0.003,1.11,159941
2023-11-29,0.87,0.872,0.872,0.87,3423877,298254684.8,0.23,0.11,0.001,1.53,159941
2023-11-30,0.873,0.871,0.873,0.87,5770492,503117367.3,0.34,-0.11,-0.001,2.57,159941
2023-12-01,0.866,0.866,0.867,0.865,3487709,302121656.2,0.23,-0.57,-0.005,1.55,159941
2023-12-04,0.867,0.867,0.868,0.866,3070991,266251757.634,0.23,0.12,0.001,1.37,159941
2023-12-05,0.861,0.857,0.861,0.857,4855935,417113850.3,0.46,-1.15,-0.01,2.16,159941
2023-12-06,0.869,0.869,0.87,0.868,2670327,232080106.091,0.23,1.4,0.012,1.19,159941
2023-12-07,0.861,0.861,0.862,0.86,2555097,220027640.859,0.23,-0.92,-0.008,1.14,159941
2023-12-08,0.872,0.874,0.874,0.871,3632245,317100232.22,0.35,1.51,0.013,1.62,159941
2023-12-11,0.88,0.881,0.882,0.879,4586567,403772997.05,0.34,0.8,0.007,2.04,159941
2023-12-12,0.891,0.89,0.892,0.889,6486665,577734307.94,0.34,1.02,0.009,2.89,159941
2023-12-13,0.898,0.9,0.9,0.897,5019528,451130991.4,0.34,1.12,0.01,2.24,159941
2023-12-14,0.909,0.911,0.911,0.908,5499010,500173649.806,0.33,1.22,0.011,2.45,159941
2023-12-15,0.902,0.9,0.902,0.899,5277150,475272685.8,0.33,-1.21,-0.011,2.35,159941
2023-12-18,0.905,0.906,0.908,0.904,4603374,417009449.0,0.44,0.67,0.006,2.05,159941
2023-12-19,0.911,0.911,0.912,0.91,4011598,365507355.6,0.22,0.55,0.005,1.79,159941
2023-12-20,0.915,0.914,0.915,0.913,4572153,418006169.6,0.22,0.33,0.003,2.04,159941
2023-12-21,0.903,0.902,0.905,0.901,14456996,1304867307.313,0.44,-1.31,-0.012,6.44,159941
2023-12-22,0.908,0.907,0.908,0.905,8478184,768755342.945,0.33,0.55,0.005,3.78,159941
2023-12-25,0.909,0.908,0.91,0.907,2689238,244323059.82,0.33,0.11,0.001,1.2,159941
2023-12-26,0.911,0.914,0.915,0.91,5056003,461682694.196,0.55,0.66,0.006,2.25,159941
2023-12-27,0.917,0.918,0.918,0.916,5825294,534187642.998,0.22,0.44,0.004,2.59,159941
2023-12-28,0.919,0.915,0.92,0.914,5341581,489627544.8,0.65,-0.33,-0.003,2.38,159941
2023-12-29,0.912,0.914,0.914,0.91,4066230,370696393.6,0.44,-0.11,-0.001,1.81,159941
2024-01-02,0.911,0.911,0.912,0.91,3886881,354163744.33,0.22,-0.33,-0.003,1.73,159941
2024-01-03,0.897,0.896,0.898,0.895,9418579,844271314.3,0.33,-1.65,-0.015,4.2,159941
2024-01-04,0.889,0.892,0.892,0.889,5751397,511719325.3,0.33,-0.45,-0.004,2.56,159941
2024-01-05,0.888,0.885,0.889,0.885,5293168,469755343.096,0.45,-0.78,-0.007,2.36,159941
2024-01-08,0.889,0.886,0.89,0.886,4602682,408607067.313,0.45,0.11,0.001,2.05,159941
2024-01-09,0.905,0.911,0.911,0.904,9148231,830318402.8,0.79,2.82,0.025,4.07,159941
2024-01-10,0.913,0.91,0.914,0.91,6412845,584429783.7,0.44,-0.11,-0.001,2.86,159941
2024-01-11,0.919,0.922,0.923,0.918,6808716,626883741.8,0.55,1.32,0.012,3.03,159941
2024-01-12,0.918,0.918,0.919,0.917,4731251,434312118.54,0.22,-0.43,-0.004,2.11,159941
2024-01-15,0.919,0.924,0.925,0.919,6642892,612399737.6,0.65,0.65,0.006,2.96,159941
2024-01-16,0.919,0.916,0.92,0.915,5851019,537160011.9,0.54,-0.87,-0.008,2.61,159941
2024-01-17,0.923,0.915,0.924,0.914,5606528,514914915.2,1.09,-0.11,-0.001,2.5,159941
2024-01-18,0.917,0.917,0.918,0.915,4805698,440354109.528,0.33,0.22,0.002,2.14,159941
2024-01-19,0.932,0.939,0.939,0.931,9619342,899447714.0,0.87,2.4,0.022,4.28,159941
2024-01-22,0.959,0.974,0.974,0.959,13661622,1321142539.196,1.6,3.73,0.035,6.09,159941
2024-01-23,0.969,0.962,0.969,0.958,8679021,835829143.288,1.13,-1.23,-0.012,3.87,159941
2024-01-24,0.968,0.967,0.97,0.965,8490424,821314729.091,0.52,0.52,0.005,3.78,159941
2024-01-25,0.965,0.959,0.966,0.957,7823403,751486520.7,0.93,-0.83,-0.008,3.48,159941
2024-01-26,0.952,0.949,0.953,0.947,8105283,770205280.824,0.63,-1.04,-0.01,3.61,159941
2024-01-29,0.95,0.958,0.959,0.95,6282941,599631614.8,0.95,0.95,0.009,2.8,159941
2024-01-30,0.972,0.974,0.976,0.969,8113889,789054286.9,0.73,1.67,0.016,3.61,159941
2024-01-31,0.958,0.952,0.959,0.951,9135123,871537410.3,0.82,-2.26,-0.022,4.07,159941
2024-02-01,0.941,0.941,0.944,0.94,5354629,504424742.4,0.42,-1.16,-0.011,2.38,159941
2024-02-02,0.962,0.963,0.97,0.961,10252050,988458387.0,0.96,2.34,0.022,4.57,159941
2024-02-05,0.971,0.97,0.971,0.967,6470078,627009297.556,0.42,0.73,0.007,2.88,159941
2024-02-06,0.97,0.973,0.973,0.969,4686249,454757963.7,0.41,0.31,0.003,2.09,159941
2024-02-07,0.97,0.965,0.97,0.964,5055928,488876152.8,0.62,-0.82,-0.008,2.25,159941
2024-02-08,0.979,0.988,0.991,0.977,7318585,719795064.5,1.45,2.38,0.023,3.26,159941
2024-02-19,0.978,0.981,0.983,0.976,7393841,724055724.7,0.71,-0.71,-0.007,3.29,159941
2024-02-20,0.979,0.98,0.98,0.975,3604565,352294756.0,0.51,-0.1,-0.001,1.61,159941
2024-02-21,0.967,0.968,0.97,0.966,5985578,579192174.034,0.41,-1.22,-0.012,2.67,159941
2024-02-22,0.981,0.983,0.984,0.977,6565561,643943505.382,0.72,1.55,0.015,2.92,159941
2024-02-23,0.995,0.997,0.998,0.994,6709179,668387085.1,0.41,1.42,0.014,2.99,159941
2024-02-26,0.99,0.986,0.991,0.984,5281437,521208948.624,0.7,-1.1,-0.011,2.35,159941
2024-02-27,0.986,0.984,0.988,0.983,3924861,386739631.2,0.51,-0.2,-0.002,1.75,159941
2024-02-28,0.987,0.986,0.988,0.984,4733259,466545477.244,0.41,0.2,0.002,2.11,159941
2024-02-29,0.979,0.978,0.98,0.978,4196711,410876013.6,0.2,-0.81,-0.008,1.87,159941
2024-03-01,0.989,0.994,0.995,0.988,6119436,606800665.508,0.72,1.64,0.016,2.73,159941
2024-03-04,1.006,1.008,1.01,1.005,6520826,656749590.7,0.5,1.41,0.014,2.9,159941
2024-03-05,1.0,0.998,1.001,0.998,5617999,561332398.859,0.3,-0.99,-0.01,2.5,159941
2024-03-06,0.985,0.994,0.994,0.985,7176518,710121116.8,0.9,-0.4,-0.004,3.2,159941
2024-03-07,0.991,0.989,0.993,0.988,5296939,524615252.4,0.5,-0.5,-0.005,2.36,159941
2024-03-08,1.007,1.006,1.008,1.005,5244999,527881215.86,0.3,1.72,0.017,2.34,159941
2024-03-11,0.991,0.991,0.993,0.99,6879345,681778901.979,0.3,-1.49,-0.015,3.06,159941
2024-03-12,0.993,0.994,0.994,0.991,5172868,513452612.7,0.3,0.3,0.003,2.3,159941
2024-03-13,1.003,1.001,1.004,0.999,8555378,856706171.306,0.5,0.7,0.007,3.81,159941
2024-03-14,0.996,0.997,0.998,0.995,3293523,328249418.5,0.3,-0.4,-0.004,1.47,159941
2024-03-15,0.991,0.99,0.993,0.989,4661005,461812864.3,0.4,-0.7,-0.007,2.08,159941
2024-03-18,0.985,0.991,0.991,0.983,5366520,529573685.0,0.81,0.1,0.001,2.39,159941
2024-03-19,0.988,0.985,0.989,0.985,4809447,474657800.4,0.4,-0.61,-0.006,2.14,159941
2024-03-20,0.99,0.99,0.991,0.989,2987877,295857218.93,0.2,0.51,0.005,1.33,159941
2024-03-21,1.007,1.008,1.009,1.003,9853820,991195195.7,0.61,1.82,0.018,4.39,159941
2024-03-22,1.007,1.009,1.01,1.006,4433196,447037885.52,0.4,0.1,0.001,1.97,159941
2024-03-25,1.011,1.005,1.012,1.005,4177199,420938478.0,0.69,-0.4,-0.004,1.86,159941
2024-03-26,1.006,1.01,1.01,1.005,5819016,586008973.1,0.5,0.5,0.005,2.59,159941
2024-03-27,1.006,1.007,1.01,1.005,5905973,595178599.8,0.5,-0.3,-0.003,2.63,159941
2024-03-28,1.008,1.008,1.009,1.006,2846329,286741848.8,0.3,0.1,0.001,1.27,159941
2024-03-29,1.007,1.005,1.007,1.005,2601971,261745569.9,0.2,-0.3,-0.003,1.16,159941
2024-04-01,1.012,1.011,1.013,1.01,4207434,425603441.4,0.3,0.6,0.006,1.87,159941
2024-04-02,1.006,1.007,1.01,1.005,4226460,425739632.6,0.49,-0.4,-0.004,1.88,159941
2024-04-03,0.998,0.998,1.002,0.997,7010325,700520743.1,0.5,-0.89,-0.009,3.12,159941
2024-04-08,0.998,0.997,1.0,0.997,4258953,425225820.87,0.3,-0.1,-0.001,1.9,159941
2024-04-09,0.998,0.999,1.0,0.997,3350508,334601197.2,0.3,0.2,0.002,1.49,159941
2024-04-10,1.003,1.004,1.004,1.001,3543545,355400660.8,0.3,0.5,0.005,1.58,159941
2024-04-11,0.995,0.994,0.996,0.994,4529534,450611252.294,0.2,-1.0,-0.01,2.02,159941
2024-04-12,1.011,1.01,1.011,1.009,7348495,742117003.253,0.2,1.61,0.016,3.27,159941
2024-04-15,0.996,0.999,1.001,0.996,5635329,562500142.739,0.5,-1.09,-0.011,2.51,159941
2024-04-16,0.979,0.974,0.98,0.973,10566968,1030946024.192,0.7,-2.5,-0.025,4.71,159941
2024-04-17,0.978,0.973,0.98,0.972,8073740,788050394.0,0.82,-0.1,-0.001,3.6,159941
2024-04-18,0.965,0.971,0.971,0.965,7349379,711224880.3,0.62,-0.21,-0.002,3.27,159941
2024-04-19,0.953,0.952,0.953,0.941,18157659,1720341864.8,1.24,-1.96,-0.019,8.09,159941
2024-04-22,0.942,0.946,0.947,0.941,9456523,892216902.3,0.63,-0.63,-0.006,4.21,159941
2024-04-23,0.948,0.947,0.949,0.945,6981074,661181899.08,0.42,0.11,0.001,3.11,159941
2024-04-24,0.968,0.969,0.971,0.967,9028717,875055629.61,0.42,2.32,0.022,4.02,159941
2024-04-25,0.957,0.954,0.958,0.95,8409746,802090961.78,0.83,-1.55,-0.015,3.75,159941
2024-04-26,0.97,0.972,0.972,0.969,7836295,760332620.2,0.31,1.89,0.018,3.49,159941
2024-04-29,0.979,0.976,0.98,0.976,6612149,646828573.8,0.41,0.41,0.004,2.95,159941
2024-04-30,0.977,0.978,0.98,0.976,4662454,456008399.1,0.41,0.2,0.002,2.08,159941
2024-05-06,0.98,0.981,0.981,0.978,5357163,524764548.8,0.31,0.31,0.003,2.39,159941
2024-05-07,0.99,0.99,0.994,0.99,5623657,557856655.17,0.41,0.92,0.009,2.5,159941
2024-05-08,0.994,0.992,0.995,0.991,4505896,447170339.116,0.4,0.2,0.002,2.01,159941
2024-05-09,0.991,0.99,0.993,0.99,3293876,326560711.9,0.3,-0.2,-0.002,1.47,159941
2024-05-10,0.995,0.995,0.996,0.993,3461578,344273674.59,0.3,0.51,0.005,1.54,159941
2024-05-13,0.997,1.0,1.001,0.996,5081653,507679968.6,0.5,0.5,0.005,2.26,159941
2024-05-14,0.999,1.0,1.002,0.998,3268391,326838749.958,0.4,0.0,0.0,1.46,159941
2024-05-15,1.008,1.006,1.009,1.005,6026624,606688331.1,0.4,0.6,0.006,2.68,159941
2024-05-16,1.022,1.022,1.023,1.021,6106116,624039205.252,0.2,1.59,0.016,2.72,159941
2024-05-17,1.02,1.02,1.02,1.019,3160609,322228316.0,0.1,-0.2,-0.002,1.41,159941
2024-05-20,1.022,1.021,1.023,1.02,4304613,439677374.7,0.29,0.1,0.001,1.92,159941
2024-05-21,1.027,1.027,1.028,1.025,3402683,349290957.4,0.29,0.59,0.006,1.52,159941
2024-05-22,1.031,1.031,1.032,1.03,3736811,385244775.9,0.19,0.39,0.004,1.66,159941
2024-05-23,1.035,1.04,1.041,1.035,7520340,781449859.8,0.58,0.87,0.009,3.35,159941
2024-05-24,1.028,1.022,1.028,1.021,11887138,1217585269.7,0.67,-1.73,-0.018,5.29,159941
2024-05-27,1.032,1.036,1.037,1.031,5941251,614508806.9,0.59,1.37,0.014,2.65,159941
2024-05-28,1.038,1.04,1.04,1.037,4034372,419132861.3,0.29,0.39,0.004,1.8,159941
2024-05-29,1.039,1.035,1.04,1.035,5454684,565501777.1,0.48,-0.48,-0.005,2.43,159941
2024-05-30,1.027,1.025,1.029,1.024,5346782,548476337.888,0.48,-0.97,-0.01,2.38,159941
2024-05-31,1.016,1.019,1.02,1.016,6540993,665956510.3,0.39,-0.59,-0.006,2.91,159941
2024-06-03,1.024,1.025,1.026,1.022,7279326,745389596.7,0.39,0.59,0.006,3.24,159941
2024-06-04,1.025,1.021,1.026,1.021,4837678,495430538.524,0.49,-0.39,-0.004,2.15,159941
2024-06-05,1.028,1.029,1.032,1.027,4918598,506658111.08,0.49,0.78,0.008,2.19,159941
2024-06-06,1.05,1.051,1.052,1.049,6228856,654361404.0,0.29,2.14,0.022,2.77,159941
2024-06-07,1.05,1.051,1.052,1.049,4274689,449062614.7,0.29,0.0,0.0,1.9,159941
2024-06-11,1.053,1.053,1.054,1.051,3638738,382950485.3,0.29,0.19,0.002,1.62,159941
2024-06-12,1.062,1.062,1.064,1.061,5114653,543544204.0,0.28,0.85,0.009,2.28,159941
2024-06-13,1.082,1.083,1.084,1.08,6008490,649991638.042,0.38,1.98,0.021,2.68,159941
2024-06-14,1.082,1.083,1.085,1.082,4328735,468873644.318,0.28,0.0,0.0,1.93,159941
2024-06-17,1.087,1.088,1.088,1.086,5307124,576910787.131,0.18,0.46,0.005,2.36,159941
2024-06-18,1.1,1.102,1.102,1.099,4854392,534192016.4,0.28,1.29,0.014,2.16,159941
2024-06-19,1.103,1.102,1.105,1.101,5876919,648032946.372,0.36,0.0,0.0,2.62,159941
2024-06-20,1.105,1.108,1.109,1.104,8101674,896720779.7,0.45,0.54,0.006,3.61,159941
2024-06-21,1.095,1.094,1.095,1.092,6057918,662589917.7,0.27,-1.26,-0.014,2.7,159941
2024-06-24,1.089,1.09,1.09,1.087,6171812,671791391.5,0.27,-0.37,-0.004,2.75,159941
2024-06-25,1.076,1.077,1.079,1.075,8814021,949525574.026,0.37,-1.19,-0.013,3.93,159941
2024-06-26,1.091,1.094,1.096,1.09,9162449,1001091151.7,0.56,1.58,0.017,4.08,159941
2024-06-27,1.089,1.093,1.095,1.089,7526965,822776327.737,0.55,-0.09,-0.001,3.35,159941
2024-06-28,1.103,1.107,1.109,1.103,10431652,1153870576.1,0.55,1.28,0.014,4.65,159941
2024-07-01,1.101,1.105,1.107,1.101,7833079,864908902.4,0.54,-0.18,-0.002,3.49,159941
2024-07-02,1.109,1.107,1.112,1.106,7392422,819850114.4,0.54,0.18,0.002,3.29,159941
2024-07-03,1.125,1.131,1.131,1.123,9023078,1017363615.3,0.72,2.17,0.024,4.02,159941
2024-07-04,1.15,1.135,1.158,1.12,19809202,2269326351.24,3.36,0.35,0.004,8.82,159941
2024-07-05,1.138,1.144,1.148,1.136,12711737,1450423270.1,1.06,0.79,0.009,5.66,159941
2024-07-08,1.157,1.155,1.158,1.15,12326408,1421584563.0,0.7,0.96,0.011,5.49,159941
2024-07-09,1.161,1.16,1.165,1.159,13049139,1515608199.4,0.52,0.43,0.005,5.81,159941
2024-07-10,1.161,1.151,1.163,1.15,10811520,1248150672.1,1.12,-0.78,-0.009,4.82,159941
2024-07-11,1.161,1.165,1.165,1.159,10872202,1263559369.0,0.52,1.22,0.014,4.84,159941
2024-07-12,1.127,1.122,1.129,1.122,16555434,1861754585.393,0.6,-3.69,-0.043,7.37,159941
2024-07-15,1.133,1.154,1.154,1.132,18295744,2090145982.8,1.96,2.85,0.032,8.15,159941
2024-07-16,1.156,1.152,1.165,1.149,12184770,1411010416.8,1.39,-0.17,-0.002,5.43,159941
2024-07-17,1.15,1.14,1.15,1.136,9943497,1136660952.3,1.22,-1.04,-0.012,4.43,159941
2024-07-18,1.103,1.121,1.122,1.101,14608305,1624236618.7,1.84,-1.67,-0.019,6.51,159941
2024-07-19,1.108,1.104,1.114,1.102,9148859,1013882234.812,1.07,-1.52,-0.017,4.07,159941
2024-07-22,1.096,1.102,1.102,1.088,13575196,1484891327.997,1.27,-0.18,-0.002,6.05,159941
2024-07-23,1.116,1.111,1.12,1.108,12305071,1369455689.8,1.09,0.82,0.009,5.48,159941
2024-07-24,1.103,1.092,1.107,1.092,9494546,1043928881.134,1.35,-1.71,-0.019,4.23,159941
2024-07-25,1.063,1.062,1.065,1.053,13942341,1479865539.547,1.1,-2.75,-0.03,6.21,159941
2024-07-26,1.054,1.062,1.063,1.054,14201322,1502914932.974,0.85,0.0,0.0,6.33,159941
2024-07-29,1.075,1.083,1.083,1.072,10721194,1153669105.5,1.04,1.98,0.021,4.78,159941
2024-07-30,1.072,1.069,1.075,1.062,13344008,1426277882.2,1.2,-1.29,-0.014,5.94,159941
2024-07-31,1.063,1.073,1.074,1.06,12099080,1291523160.0,1.31,0.37,0.004,5.39,159941
2024-08-01,1.098,1.101,1.105,1.095,11903273,1308866353.78,0.93,2.61,0.028,5.3,159941
2024-08-02,1.059,1.041,1.068,1.038,21352086,2249757220.79,2.72,-5.45,-0.06,9.51,159941
2024-08-05,0.991,0.965,0.999,0.948,28076804,2749246076.43,4.9,-7.3,-0.076,12.51,159941
2024-08-06,1.002,1.001,1.01,0.995,21672974,2175311666.8,1.55,3.73,0.036,9.65,159941
2024-08-07,1.0,1.001,1.013,1.0,22770619,2291245206.9,1.3,0.0,0.0,10.14,159941
2024-08-08,0.987,0.984,0.99,0.979,16698596,1644641574.078,1.1,-1.7,-0.017,7.44,159941
2024-08-09,1.017,1.012,1.017,1.008,15109644,1531562288.78,0.91,2.85,0.028,6.73,159941
2024-08-12,1.018,1.021,1.022,1.015,8500480,866697639.9,0.69,0.89,0.009,3.79,159941
2024-08-13,1.024,1.028,1.029,1.021,12703393,1301300039.0,0.78,0.69,0.007,5.66,159941
2024-08-14,1.052,1.048,1.054,1.045,14437089,1516051324.6,0.88,1.95,0.02,6.43,159941
2024-08-15,1.051,1.055,1.056,1.05,9039095,952804276.0,0.57,0.67,0.007,4.03,159941
2024-08-16,1.083,1.098,1.099,1.082,16727755,1821505378.8,1.61,4.08,0.043,7.45,159941
2024-08-19,1.095,1.079,1.096,1.076,12918052,1404583299.681,1.82,-1.73,-0.019,5.75,159941
2024-08-20,1.099,1.103,1.103,1.098,9420013,1036808358.2,0.46,2.22,0.024,4.2,159941
2024-08-21,1.097,1.099,1.101,1.094,9654052,1059402804.4,0.63,-0.36,-0.004,4.3,159941
2024-08-22,1.106,1.1,1.108,1.097,9897777,1091094086.9,1.0,0.09,0.001,4.41,159941
2024-08-23,1.085,1.089,1.091,1.084,11168405,1214987780.5,0.64,-1.0,-0.011,4.97,159941
2024-08-26,1.098,1.09,1.098,1.09,7735663,846367359.8,0.73,0.09,0.001,3.45,159941
2024-08-27,1.08,1.075,1.08,1.074,10515224,1132541295.7,0.55,-1.38,-0.015,4.68,159941
2024-08-28,1.076,1.079,1.079,1.075,6980091,751848558.0,0.37,0.37,0.004,3.11,159941
2024-08-29,1.056,1.055,1.058,1.053,11656542,1229930485.3,0.46,-2.22,-0.024,5.19,159941
2024-08-30,1.059,1.066,1.066,1.058,7706065,818131474.14,0.76,1.04,0.011,3.43,159941
2024-09-02,1.074,1.073,1.076,1.072,7114973,764145827.1,0.38,0.66,0.007,3.17,159941
2024-09-03,1.076,1.073,1.077,1.072,4539240,487568516.1,0.47,0.0,0.0,2.02,159941
2024-09-04,1.03,1.016,1.033,1.016,26006645,2665099539.3,1.58,-5.31,-0.057,11.58,159941
2024-09-05,1.024,1.023,1.027,1.02,8449652,865191106.3,0.69,0.69,0.007,3.76,159941
2024-09-06,1.015,1.026,1.035,1.015,16119802,1655222074.8,1.96,0.29,0.003,7.18,159941
2024-09-09,1.01,1.017,1.018,1.006,12015956,1216491324.5,1.17,-0.88,-0.009,5.35,159941
2024-09-10,1.026,1.024,1.029,1.02,9583798,982355548.2,0.88,0.69,0.007,4.27,159941
2024-09-11,1.035,1.032,1.036,1.025,11974789,1233861089.5,1.07,0.78,0.008,5.33,159941
2024-09-12,1.06,1.066,1.067,1.059,12727844,1353154054.3,0.78,3.29,0.034,5.67,159941
2024-09-13,1.074,1.071,1.077,1.071,10911987,1171680866.9,0.56,0.47,0.005,4.86,159941
2024-09-18,1.07,1.065,1.07,1.064,10839323,1156529478.4,0.56,-0.56,-0.006,4.83,159941
2024-09-19,1.07,1.076,1.077,1.067,11373973,1218789572.3,0.94,1.03,0.011,5.07,159941
2024-09-20,1.087,1.081,1.088,1.08,8619201,935009731.6,0.74,0.46,0.005,3.84,159941
2024-09-23,1.087,1.086,1.091,1.084,6896105,749421535.9,0.65,0.46,0.005,3.07,159941
2024-09-24,1.086,1.08,1.087,1.073,11096746,1196767915.052,1.29,-0.55,-0.006,4.94,159941
2024-09-25,1.073,1.07,1.075,1.07,8024284,860666534.6,0.46,-0.93,-0.01,3.57,159941
2024-09-26,1.08,1.086,1.086,1.078,9033238,977145003.5,0.75,1.5,0.016,4.02,159941
2024-09-27,1.074,1.069,1.076,1.068,15587754,1670355893.0,0.74,-1.57,-0.017,6.94,159941
2024-09-30,1.061,1.064,1.068,1.058,13934169,1480817457.374,0.94,-0.47,-0.005,6.21,159941
2024-10-08,1.045,1.058,1.064,1.04,11692440,1232903014.036,2.26,-0.56,-0.006,5.21,159941
2024-10-09,1.079,1.075,1.083,1.072,12903919,1390590140.981,1.04,1.61,0.017,5.75,159941
2024-10-10,1.087,1.089,1.091,1.084,10987427,1194909720.1,0.65,1.3,0.014,4.89,159941
2024-10-11,1.09,1.088,1.092,1.087,9160039,998414267.561,0.46,-0.09,-0.001,4.08,159941
2024-10-14,1.089,1.088,1.09,1.087,10046211,1092941733.1,0.28,0.0,0.0,4.47,159941
2024-10-15,1.099,1.11,1.112,1.098,12664919,1400257119.77,1.29,2.02,0.022,5.64,159941
2024-10-16,1.095,1.098,1.098,1.093,10095400,1106312130.5,0.45,-1.08,-0.012,4.5,159941
2024-10-17,1.095,1.104,1.106,1.093,9151799,1004666719.8,1.18,0.55,0.006,4.08,159941
2024-10-18,1.099,1.096,1.101,1.094,11367157,1247131241.5,0.63,-0.72,-0.008,5.06,159941
2024-10-21,1.101,1.099,1.102,1.098,7473806,822174263.062,0.36,0.27,0.003,3.33,159941
2024-10-22,1.102,1.099,1.102,1.099,6519628,717650875.7,0.27,0.0,0.0,2.9,159941
2024-10-23,1.104,1.104,1.106,1.102,5026399,555079142.0,0.36,0.45,0.005,2.24,159941
2024-10-24,1.094,1.092,1.094,1.089,7933761,866008094.9,0.45,-1.09,-0.012,3.53,159941
2024-10-25,1.097,1.097,1.098,1.095,5855170,642074846.7,0.27,0.46,0.005,2.61,159941
2024-10-28,1.111,1.11,1.113,1.109,10760403,1195797854.89,0.36,1.19,0.013,4.79,159941
2024-10-29,1.105,1.107,1.109,1.103,8903081,984341128.147,0.54,-0.27,-0.003,3.97,159941
2024-10-30,1.118,1.119,1.121,1.117,9215120,1031100021.442,0.36,1.08,0.012,4.1,159941
2024-10-31,1.103,1.099,1.107,1.098,10416216,1149494084.9,0.8,-1.79,-0.02,4.64,159941
2024-11-01,1.081,1.085,1.091,1.08,9916642,1075933278.657,1.0,-1.27,-0.014,4.42,159941
2024-11-04,1.086,1.089,1.092,1.085,10312853,1123079199.5,0.65,0.37,0.004,4.59,159941
2024-11-05,1.084,1.084,1.085,1.081,8405269,910348486.6,0.37,-0.46,-0.005,3.74,159941
2024-11-06,1.103,1.123,1.125,1.1,24223436,2695090902.0,2.31,3.6,0.039,10.79,159941
2024-11-07,1.143,1.14,1.15,1.139,16650980,1903481679.1,0.98,1.51,0.017,7.42,159941
2024-11-08,1.151,1.15,1.152,1.146,8894261,1021564993.0,0.53,0.88,0.01,3.96,159941
2024-11-11,1.156,1.158,1.158,1.154,6910800,799137512.5,0.35,0.7,0.008,3.08,159941
2024-11-12,1.158,1.16,1.162,1.157,11054842,1281629108.9,0.43,0.17,0.002,4.92,159941
2024-11-13,1.155,1.152,1.156,1.151,6821075,787125489.6,0.43,-0.69,-0.008,3.04,159941
2024-11-14,1.154,1.156,1.156,1.153,6664797,769467187.9,0.26,0.35,0.004,2.97,159941
2024-11-15,1.143,1.139,1.144,1.137,9447888,1078144379.9,0.61,-1.47,-0.017,4.21,159941
2024-11-18,1.126,1.13,1.131,1.125,9978280,1125556313.0,0.53,-0.79,-0.009,4.44,159941
2024-11-19,1.128,1.133,1.135,1.127,8577674,970673136.8,0.71,0.27,0.003,3.82,159941
2024-11-20,1.143,1.145,1.145,1.141,8877007,1014662741.0,0.35,1.06,0.012,3.95,159941
2024-11-21,1.136,1.136,1.14,1.134,8867228,1007468240.776,0.52,-0.79,-0.009,3.95,159941
2024-11-22,1.145,1.147,1.147,1.142,7530914,862082454.7,0.44,0.97,0.011,3.35,159941
2024-11-25,1.155,1.156,1.158,1.155,8598141,994673131.7,0.26,0.78,0.009,3.83,159941
2024-11-26,1.15,1.156,1.156,1.149,6760273,778611062.5,0.61,0.0,0.0,3.01,159941
2024-11-27,1.16,1.158,1.165,1.158,11034293,1281907466.574,0.61,0.17,0.002,4.91,159941
2024-11-28,1.151,1.155,1.155,1.15,5240354,603743733.1,0.43,-0.26,-0.003,2.33,159941
2024-11-29,1.153,1.154,1.156,1.151,6154794,710200513.6,0.43,-0.09,-0.001,2.74,159941
2024-12-02,1.161,1.16,1.162,1.158,6626918,768529537.3,0.35,0.52,0.006,2.95,159941
2024-12-03,1.175,1.18,1.182,1.174,8002975,943380309.8,0.69,1.72,0.02,3.56,159941
2024-12-04,1.187,1.186,1.188,1.184,7660575,908562069.4,0.34,0.51,0.006,3.41,159941
2024-12-05,1.196,1.195,1.198,1.195,6002130,717857264.5,0.25,0.76,0.009,2.67,159941
2024-12-06,1.19,1.19,1.192,1.188,6403974,761701969.1,0.33,-0.42,-0.005,2.85,159941
2024-12-09,1.201,1.208,1.209,1.201,8570451,1033158328.8,0.67,1.51,0.018,3.82,159941
2024-12-10,1.191,1.197,1.197,1.189,10275786,1226886095.6,0.66,-0.91,-0.011,4.58,159941
2024-12-11,1.195,1.197,1.199,1.195,6051130,724663837.515,0.33,0.0,0.0,2.7,159941
2024-12-12,1.22,1.221,1.222,1.219,7385588,901245942.7,0.25,2.01,0.024,3.29,159941
2024-12-13,1.221,1.228,1.228,1.219,8579456,1049410298.4,0.74,0.57,0.007,3.82,159941
2024-12-16,1.231,1.244,1.246,1.23,13885623,1720279949.6,1.3,1.3,0.016,6.18,159941
2024-12-17,1.266,1.259,1.275,1.258,16743861,2119357617.516,1.37,1.21,0.015,7.46,159941
2024-12-18,1.257,1.266,1.266,1.255,13036378,1642685515.688,0.87,0.56,0.007,5.81,159941
2024-12-19,1.223,1.234,1.237,1.221,15333198,1883613947.323,1.26,-2.53,-0.032,6.83,159941
2024-12-20,1.227,1.207,1.229,1.203,15926017,1930162160.1,2.11,-2.19,-0.027,7.09,159941
2024-12-23,1.227,1.251,1.251,1.227,14591720,1807908660.4,1.99,3.65,0.044,6.5,159941
2024-12-24,1.266,1.25,1.267,1.237,14917772,1872612939.0,2.4,-0.08,-0.001,6.64,159941
2024-12-25,1.266,1.261,1.267,1.255,11557876,1456438553.6,0.96,0.88,0.011,5.15,159941
2024-12-26,1.263,1.263,1.269,1.256,9905723,1251915184.2,1.03,0.16,0.002,4.41,159941
2024-12-27,1.256,1.255,1.26,1.253,7138581,896180704.7,0.55,-0.63,-0.008,3.18,159941
2024-12-30,1.236,1.239,1.245,1.236,8553731,1060002654.725,0.72,-1.27,-0.016,3.81,159941
2024-12-31,1.228,1.231,1.236,1.226,11688074,1438734525.0,0.81,-0.65,-0.008,5.21,159941
2025-01-02,1.229,1.246,1.246,1.229,8304085,1029565992.08,1.38,1.22,0.015,3.7,159941
2025-01-03,1.241,1.24,1.253,1.236,9451503,1174878088.2,1.36,-0.48,-0.006,4.21,159941
2025-01-06,1.259,1.274,1.274,1.254,15344292,1939596566.4,1.61,2.74,0.034,6.83,159941
2025-01-07,1.29,1.264,1.294,1.261,18918669,2421773812.6,2.59,-0.78,-0.01,8.43,159941
2025-01-08,1.246,1.257,1.259,1.245,10525031,1319939577.3,1.11,-0.55,-0.007,4.69,159941
2025-01-09,1.255,1.252,1.258,1.25,7665386,960824456.6,0.64,-0.4,-0.005,3.41,159941
2025-01-10,1.246,1.247,1.264,1.242,13443912,1683276962.2,1.76,-0.4,-0.005,5.99,159941
2025-01-13,1.235,1.216,1.237,1.211,14862899,1820089414.588,2.09,-2.49,-0.031,6.62,159941
2025-01-14,1.228,1.233,1.233,1.22,10481746,1286234285.73,1.07,1.4,0.017,4.67,159941
2025-01-15,1.228,1.223,1.229,1.221,6667636,816349395.632,0.65,-0.81,-0.01,2.97,159941
2025-01-16,1.254,1.249,1.255,1.243,11965541,1493869254.4,0.98,2.13,0.026,5.33,159941
2025-01-17,1.237,1.244,1.247,1.235,7640662,948045699.9,0.96,-0.4,-0.005,3.4,159941
2025-01-20,1.255,1.262,1.262,1.252,7759353,974601472.271,0.8,1.45,0.018,3.46,159941
2025-01-21,1.26,1.264,1.266,1.255,7543034,952302988.965,0.87,0.16,0.002,3.36,159941
2025-01-22,1.272,1.27,1.276,1.27,8419758,1071087883.34,0.47,0.47,0.006,3.75,159941
2025-01-23,1.276,1.257,1.277,1.254,9662149,1225510637.657,1.81,-1.02,-0.013,4.3,159941
2025-01-24,1.263,1.259,1.266,1.254,5796315,730688643.0,0.95,0.16,0.002,2.58,159941
2025-01-27,1.233,1.229,1.239,1.226,11891679,1464786057.3,1.03,-2.38,-0.03,5.3,159941
2025-02-05,1.23,1.231,1.237,1.229,5594730,689911396.67,0.65,0.16,0.002,2.49,159941
2025-02-06,1.242,1.243,1.245,1.235,7720837,957679712.061,0.81,0.97,0.012,3.44,159941
2025-02-07,1.245,1.237,1.248,1.232,11364392,1407390893.7,1.29,-0.48,-0.006,5.06,159941
2025-02-10,1.23,1.223,1.23,1.221,8738554,1069982443.2,0.73,-1.13,-0.014,3.89,159941
2025-02-11,1.228,1.222,1.23,1.221,6245220,765249503.416,0.74,-0.08,-0.001,2.78,159941
2025-02-12,1.222,1.219,1.224,1.218,4402702,537355419.7,0.49,-0.25,-0.003,1.96,159941
2025-02-13,1.225,1.222,1.225,1.219,5393979,659260382.3,0.49,0.25,0.003,2.4,159941
2025-02-14,1.23,1.231,1.233,1.227,6865124,844463687.0,0.49,0.74,0.009,3.06,159941
2025-02-17,1.23,1.231,1.235,1.227,5255089,646631640.1,0.65,0.0,0.0,2.34,159941
2025-02-18,1.232,1.239,1.241,1.229,7127543,879842924.7,0.97,0.65,0.008,3.17,159941
2025-02-19,1.236,1.233,1.237,1.231,6143464,757646525.7,0.48,-0.48,-0.006,2.74,159941
2025-02-20,1.229,1.222,1.23,1.222,4391030,537892425.7,0.65,-0.89,-0.011,1.96,159941
2025-02-21,1.218,1.214,1.22,1.21,8818236,1071198325.353,0.82,-0.65,-0.008,3.93,159941
2025-02-24,1.192,1.195,1.199,1.19,7112091,849190691.504,0.74,-1.57,-0.019,3.17,159941
2025-02-25,1.179,1.176,1.18,1.174,6973178,820348974.7,0.5,-1.59,-0.019,3.11,159941
2025-02-26,1.167,1.173,1.176,1.165,10253220,1199140739.4,0.94,-0.26,-0.003,4.57,159941
2025-02-27,1.167,1.18,1.183,1.165,11196523,1313312156.448,1.53,0.6,0.007,4.99,159941
2025-02-28,1.151,1.134,1.153,1.133,17168177,1958240313.728,1.69,-3.9,-0.046,7.65,159941
2025-03-03,1.147,1.159,1.161,1.146,13783745,1591796834.5,1.32,2.2,0.025,6.14,159941
2025-03-04,1.13,1.137,1.139,1.128,10846196,1229177390.703,0.95,-1.9,-0.022,4.83,159941
2025-03-05,1.137,1.147,1.153,1.133,19963023,2282233158.236,1.76,0.88,0.01,8.89,159941
2025-03-06,1.15,1.148,1.152,1.147,7972019,916317438.8,0.44,0.09,0.001,3.55,159941
2025-03-07,1.127,1.125,1.13,1.123,9969161,1122411573.685,0.61,-2.0,-0.023,4.44,159941
2025-03-10,1.122,1.12,1.128,1.12,8808482,989657826.229,0.71,-0.44,-0.005,3.92,159941
2025-03-11,1.07,1.074,1.077,1.055,37998515,4050806958.848,1.96,-4.11,-0.046,16.92,159941
2025-03-12,1.073,1.08,1.083,1.07,18436458,1985255931.8,1.21,0.56,0.006,8.21,159941
2025-03-13,1.088,1.073,1.09,1.071,20501766,2213258472.4,1.76,-0.65,-0.007,9.13,159941
2025-03-14,1.069,1.082,1.086,1.067,19229975,2072542291.775,1.77,0.84,0.009,8.57,159941
2025-03-17,1.09,1.086,1.093,1.085,8901322,969493835.7,0.74,0.37,0.004,3.96,159941
2025-03-18,1.093,1.093,1.095,1.09,9383667,1024827356.1,0.46,0.64,0.007,4.18,159941
2025-03-19,1.084,1.085,1.089,1.083,8091571,878958243.7,0.55,-0.73,-0.008,3.6,159941
2025-03-20,1.1,1.11,1.114,1.097,17671270,1956123387.275,1.57,2.3,0.025,7.87,159941
2025-03-21,1.105,1.106,1.109,1.099,9525532,1052108853.6,0.9,-0.36,-0.004,4.24,159941
2025-03-24,1.118,1.131,1.133,1.117,17348987,1955465749.772,1.45,2.26,0.025,7.73,159941
2025-03-25,1.15,1.145,1.158,1.138,11679357,1340095515.0,1.77,1.24,0.014,5.2,159941
2025-03-26,1.151,1.141,1.152,1.138,10909566,1247057827.5,1.22,-0.35,-0.004,4.86,159941
2025-03-27,1.118,1.118,1.126,1.117,12398616,1389376795.0,0.79,-2.02,-0.023,5.52,159941
2025-03-28,1.114,1.111,1.119,1.109,8097666,903007290.1,0.89,-0.63,-0.007,3.61,159941
2025-03-31,1.071,1.065,1.076,1.059,18188433,1942873112.9,1.53,-4.14,-0.046,8.1,159941
2025-04-01,1.072,1.084,1.088,1.072,11886682,1284058794.41,1.5,1.78,0.019,5.29,159941
2025-04-02,1.09,1.09,1.096,1.088,7530439,822072921.0,0.74,0.55,0.006,3.35,159941
2025-04-03,1.066,1.065,1.076,1.064,15097571,1614932919.262,1.1,-2.29,-0.025,6.72,159941
2025-04-07,0.959,0.959,0.959,0.959,3582106,343523965.4,0.0,-9.95,-0.106,1.6,159941
2025-04-08,0.987,0.994,1.002,0.981,24429655,2423556339.786,2.19,3.65,0.035,10.88,159941
2025-04-09,0.96,0.989,0.989,0.949,38156301,3693110825.2,4.02,-0.5,-0.005,17.0,159941
2025-04-10,1.088,1.08,1.088,1.065,32642404,3520930555.4,2.33,9.2,0.091,14.54,159941
2025-04-11,1.04,1.068,1.075,1.036,28965141,3049323593.0,3.61,-1.11,-0.012,12.9,159941
2025-04-14,1.08,1.082,1.087,1.078,13726304,1484835406.5,0.84,1.31,0.014,6.11,159941
2025-04-15,1.074,1.067,1.077,1.066,7471015,799661089.0,1.02,-1.39,-0.015,3.33,159941
2025-04-16,1.054,1.043,1.059,1.04,14297907,1498595174.0,1.78,-2.25,-0.024,6.37,159941
2025-04-17,1.035,1.054,1.056,1.035,14453136,1509025633.3,2.01,1.05,0.011,6.44,159941
2025-04-18,1.045,1.045,1.056,1.04,11544122,1209228523.2,1.52,-0.85,-0.009,5.14,159941
2025-04-21,1.039,1.039,1.044,1.037,8216231,854617317.8,0.67,-0.57,-0.006,3.66,159941
2025-04-22,1.035,1.038,1.042,1.029,10017342,1036231525.7,1.25,-0.1,-0.001,4.46,159941
2025-04-23,1.062,1.073,1.074,1.052,15177158,1611486836.3,2.12,3.37,0.035,6.76,159941
2025-04-24,1.072,1.059,1.072,1.057,9380769,999867789.4,1.4,-1.3,-0.014,4.18,159941
2025-04-25,1.09,1.09,1.096,1.086,17569199,1918768067.9,0.94,2.93,0.031,7.83,159941
2025-04-28,1.088,1.094,1.096,1.086,12163550,1327873228.62,0.92,0.37,0.004,5.42,159941
2025-04-29,1.098,1.093,1.104,1.093,7502609,824552428.8,1.01,-0.09,-0.001,3.34,159941
2025-04-30,1.095,1.094,1.098,1.091,8141101,891456468.0,0.64,0.09,0.001,3.63,159941
2025-05-06,1.112,1.101,1.114,1.1,11935593,1318497795.47,1.28,0.64,0.007,5.32,159941
2025-05-07,1.105,1.104,1.108,1.101,8407664,928812738.2,0.64,0.27,0.003,3.74,159941
2025-05-08,1.114,1.119,1.121,1.108,12888407,1435612167.8,1.18,1.36,0.015,5.74,159941
2025-05-09,1.119,1.118,1.122,1.115,11059214,1237317145.3,0.63,-0.09,-0.001,4.93,159941
2025-05-12,1.137,1.139,1.142,1.134,11847535,1348083795.5,0.72,1.88,0.021,5.28,159941
2025-05-13,1.155,1.149,1.158,1.148,10408380,1199614784.5,0.88,0.88,0.01,4.64,159941
2025-05-14,1.17,1.181,1.183,1.167,17479114,2057329415.11,1.39,2.79,0.032,7.79,159941
2025-05-15,1.18,1.174,1.187,1.173,11002222,1299457552.324,1.19,-0.59,-0.007,4.9,159941
2025-05-16,1.178,1.176,1.183,1.175,8484754,1000333294.0,0.68,0.17,0.002,3.78,159941
2025-05-19,1.169,1.165,1.173,1.164,11334184,1324271608.9,0.77,-0.94,-0.011,5.05,159941
2025-05-20,1.18,1.177,1.183,1.175,11494823,1355768134.8,0.69,1.03,0.012,5.12,159941
2025-05-21,1.176,1.164,1.177,1.163,10371956,1212596804.4,1.19,-1.1,-0.013,4.62,159941
2025-05-22,1.158,1.156,1.162,1.154,10711801,1240013514.8,0.69,-0.69,-0.008,4.77,159941
2025-05-23,1.156,1.152,1.159,1.151,6932853,801085605.1,0.69,-0.35,-0.004,3.09,159941
2025-05-26,1.155,1.156,1.156,1.153,5705446,658911452.0,0.26,0.35,0.004,2.54,159941
2025-05-27,1.155,1.165,1.166,1.153,8696452,1008893618.045,1.12,0.78,0.009,3.87,159941
2025-05-28,1.18,1.178,1.182,1.175,6364538,750073800.5,0.6,1.12,0.013,2.83,159941
2025-05-29,1.195,1.196,1.198,1.193,8356202,998594079.2,0.42,1.53,0.018,3.72,159941
2025-05-30,1.167,1.172,1.175,1.167,9623738,1127763763.0,0.67,-2.01,-0.024,4.29,159941
2025-06-03,1.18,1.176,1.181,1.175,4798316,565090384.5,0.51,0.34,0.004,2.14,159941
2025-06-04,1.187,1.185,1.187,1.18,9311130,1102240640.9,0.6,0.77,0.009,4.15,159941
2025-06-05,1.185,1.181,1.186,1.181,5425804,642079696.0,0.42,-0.34,-0.004,2.42,159941
2025-06-06,1.172,1.177,1.179,1.172,6530186,767653682.1,0.59,-0.34,-0.004,2.91,159941
2025-06-09,1.182,1.181,1.183,1.179,4658773,550034452.5,0.34,0.34,0.004,2.08,159941
2025-06-10,1.188,1.182,1.194,1.18,12717690,1509246027.87,1.19,0.08,0.001,5.66,159941
2025-06-11,1.186,1.186,1.189,1.185,6862794,814586590.1,0.34,0.34,0.004,3.06,159941
2025-06-12,1.181,1.182,1.183,1.178,7279699,859294315.1,0.42,-0.34,-0.004,3.24,159941
2025-06-13,1.167,1.169,1.172,1.163,10788489,1260051258.4,0.76,-1.1,-0.013,4.81,159941
2025-06-16,1.174,1.179,1.181,1.173,10170729,1197198994.3,0.68,0.86,0.01,4.53,159941
2025-06-17,1.184,1.184,1.187,1.181,9068743,1073746875.4,0.51,0.42,0.005,4.04,159941
2025-06-18,1.181,1.18,1.183,1.179,6387093,753971491.2,0.34,-0.34,-0.004,2.84,159941
2025-06-19,1.173,1.173,1.177,1.171,6092489,715242916.5,0.51,-0.59,-0.007,2.71,159941
2025-06-20,1.174,1.175,1.178,1.172,5967157,701177628.0,0.51,0.17,0.002,2.66,159941
2025-06-23,1.166,1.171,1.173,1.165,6307473,737480197.6,0.68,-0.34,-0.004,2.81,159941
2025-06-24,1.193,1.2,1.201,1.191,10711199,1279503360.592,0.85,2.48,0.029,4.77,159941
2025-06-25,1.2,1.202,1.203,1.199,5324055,639493947.549,0.33,0.17,0.002,2.37,159941
2025-06-26,1.204,1.205,1.207,1.201,7497301,902625752.181,0.5,0.25,0.003,3.34,159941
2025-06-27,1.213,1.218,1.22,1.212,9211703,1120207421.0,0.66,1.08,0.013,4.1,159941
2025-06-30,1.224,1.226,1.228,1.223,6833508,837653713.752,0.41,0.66,0.008,3.04,159941
2025-07-01,1.228,1.22,1.228,1.22,6789411,831088901.5,0.65,-0.49,-0.006,3.02,159941
2025-07-02,1.215,1.22,1.222,1.213,8196907,998114357.8,0.74,0.0,0.0,3.65,159941
2025-07-03,1.225,1.223,1.227,1.222,6657754,814963977.6,0.41,0.25,0.003,2.97,159941
2025-07-04,1.234,1.23,1.234,1.23,7101262,874724422.9,0.33,0.57,0.007,3.16,159941
2025-07-07,1.228,1.229,1.232,1.228,5240284,644171314.6,0.33,-0.08,-0.001,2.33,159941
2025-07-08,1.229,1.23,1.23,1.226,6901995,847847875.6,0.33,0.08,0.001,3.07,159941
2025-07-09,1.228,1.224,1.229,1.222,6273486,768596900.7,0.57,-0.49,-0.006,2.79,159941
2025-07-10,1.23,1.231,1.232,1.229,6224959,766328567.6,0.25,0.57,0.007,2.77,159941
2025-07-11,1.227,1.228,1.229,1.226,7955914,976447391.315,0.24,-0.24,-0.003,3.54,159941
2025-07-14,1.222,1.22,1.223,1.219,5165106,630616159.2,0.33,-0.65,-0.008,2.3,159941
2025-07-15,1.229,1.239,1.24,1.228,11900226,1470183139.8,0.98,1.56,0.019,5.3,159941
2025-07-16,1.233,1.231,1.234,1.23,6440320,793650744.6,0.32,-0.65,-0.008,2.87,159941
2025-07-17,1.236,1.241,1.242,1.233,6650002,822653082.2,0.73,0.81,0.01,2.96,159941
2025-07-18,1.247,1.249,1.251,1.246,6643893,829567114.4,0.4,0.64,0.008,2.96,159941
2025-07-21,1.249,1.248,1.25,1.247,5535621,690922950.9,0.24,-0.08,-0.001,2.47,159941
2025-07-22,1.251,1.249,1.253,1.247,5364386,670421404.45,0.48,0.08,0.001,2.39,159941
2025-07-23,1.244,1.247,1.247,1.243,5672708,706188613.396,0.32,-0.16,-0.002,2.53,159941
2025-07-24,1.252,1.248,1.253,1.247,5314599,664288966.8,0.48,0.08,0.001,2.37,159941
2025-07-25,1.252,1.25,1.253,1.25,4510717,564415959.176,0.24,0.16,0.002,2.01,159941
2025-07-28,1.258,1.263,1.265,1.258,7266810,916612336.952,0.56,1.04,0.013,3.24,159941
2025-07-29,1.263,1.263,1.264,1.26,5212663,657862807.49,0.32,0.0,0.0,2.32,159941
2025-07-30,1.259,1.259,1.261,1.258,3627641,456981513.048,0.24,-0.32,-0.004,1.62,159941
2025-07-31,1.277,1.279,1.28,1.276,9614573,1228478219.4,0.32,1.59,0.02,4.28,159941
2025-08-01,1.255,1.255,1.259,1.254,8588298,1079315604.1,0.39,-1.88,-0.024,3.83,159941
2025-08-04,1.235,1.237,1.238,1.233,7652255,945400019.625,0.4,-1.43,-0.018,3.41,159941
2025-08-05,1.256,1.26,1.26,1.254,6027251,757464980.7,0.49,1.86,0.023,2.68,159941
2025-08-06,1.244,1.253,1.255,1.243,7210197,900851732.052,0.95,-0.56,-0.007,3.21,159941
2025-08-07,1.267,1.263,1.268,1.261,7380031,933261513.8,0.56,0.8,0.01,3.29,159941
2025-08-08,1.268,1.267,1.269,1.265,4463143,565484975.675,0.32,0.32,0.004,1.99,159941
2025-08-11,1.278,1.283,1.283,1.278,6502719,832542619.505,0.39,1.26,0.016,2.9,159941
2025-08-12,1.278,1.279,1.28,1.275,6877448,878949420.764,0.39,-0.31,-0.004,3.06,159941
2025-08-13,1.293,1.293,1.295,1.288,9484180,1224942891.4,0.55,1.09,0.014,4.22,159941
2025-08-14,1.29,1.29,1.291,1.288,4198642,541447247.02,0.23,-0.23,-0.003,1.87,159941
2025-08-15,1.291,1.294,1.294,1.289,5286777,682544055.3,0.39,0.31,0.004,2.35,159941
2025-08-18,1.289,1.283,1.291,1.281,8723911,1122331576.462,0.77,-0.85,-0.011,3.89,159941
2025-08-19,1.283,1.28,1.283,1.277,5807182,743367137.819,0.47,-0.23,-0.003,2.59,159941
2025-08-20,1.26,1.264,1.264,1.258,8535628,1075877876.22,0.47,-1.25,-0.016,3.8,159941
2025-08-21,1.259,1.268,1.268,1.257,12102115,1529424623.431,0.87,0.32,0.004,5.39,159941
2025-08-22,1.261,1.256,1.265,1.256,8529045,1074887655.1,0.71,-0.95,-0.012,3.8,159941
2025-08-25,1.274,1.276,1.277,1.273,10270330,1309360007.199,0.32,1.59,0.02,4.57,159941
2025-08-26,1.271,1.268,1.272,1.268,5186373,658299316.1,0.31,-0.63,-0.008,2.31,159941
2025-08-27,1.276,1.281,1.281,1.274,5369598,685656617.306,0.55,1.03,0.013,2.39,159941
2025-08-28,1.274,1.271,1.277,1.269,8053071,1024676995.6,0.62,-0.78,-0.01,3.59,159941
2025-08-29,1.276,1.271,1.277,1.271,6837619,870387896.4,0.47,0.0,0.0,3.05,159941
2025-09-01,1.262,1.257,1.263,1.252,8980016,1128196280.1,0.87,-1.1,-0.014,4.0,159941
2025-09-02,1.259,1.258,1.259,1.255,6383274,802264432.225,0.32,0.08,0.001,2.84,159941
2025-09-03,1.251,1.256,1.258,1.25,6335128,794311093.75,0.64,-0.16,-0.002,2.82,159941
2025-09-04,1.264,1.263,1.267,1.262,8702823,1100481736.8,0.4,0.56,0.007,3.88,159941
2025-09-05,1.276,1.278,1.278,1.274,6680798,852686091.3,0.32,1.19,0.015,2.98,159941
2025-09-08,1.276,1.272,1.277,1.272,6079806,774267122.6,0.39,-0.47,-0.006,2.71,159941
2025-09-09,1.275,1.277,1.277,1.273,5615699,716023957.9,0.31,0.39,0.005,2.5,159941
2025-09-10,1.279,1.283,1.284,1.279,7215027,924170205.0,0.39,0.47,0.006,3.21,159941
2025-09-11,1.281,1.282,1.282,1.277,5431968,695236501.2,0.39,-0.08,-0.001,2.42,159941
2025-09-12,1.287,1.286,1.287,1.284,4164716,535487481.49,0.23,0.31,0.004,1.86,159941
2025-09-15,1.291,1.293,1.295,1.29,6480651,837301431.4,0.39,0.54,0.007,2.89,159941
2025-09-16,1.301,1.303,1.304,1.301,5850065,761796671.897,0.23,0.77,0.01,2.61,159941
2025-09-17,1.299,1.298,1.3,1.294,8973691,1163262392.954,0.46,-0.38,-0.005,4.0,159941
2025-09-18,1.301,1.307,1.307,1.3,10387673,1355097803.7,0.54,0.69,0.009,4.63,159941
2025-09-19,1.311,1.31,1.316,1.31,8998368,1181723970.8,0.46,0.23,0.003,4.01,159941
2025-09-22,1.32,1.323,1.324,1.318,6847417,905225881.8,0.46,0.99,0.013,3.05,159941
2025-09-23,1.333,1.342,1.345,1.332,13466874,1801148370.081,0.98,1.44,0.019,6.0,159941
2025-09-24,1.329,1.329,1.33,1.324,11565374,1535410045.968,0.45,-0.97,-0.013,5.15,159941
2025-09-25,1.325,1.324,1.328,1.323,4932460,653608868.3,0.38,-0.38,-0.005,2.2,159941
2025-09-26,1.319,1.32,1.324,1.315,7144545,942490431.8,0.68,-0.3,-0.004,3.18,159941
2025-09-29,1.328,1.34,1.34,1.328,6853872,912361469.496,0.91,1.52,0.02,3.05,159941
2025-09-30,1.337,1.339,1.344,1.336,10239471,1371983372.32,0.6,-0.07,-0.001,4.56,159941
2025-10-09,1.367,1.363,1.367,1.357,10202686,1389719746.5,0.75,1.79,0.024,4.54,159941
2025-10-10,1.364,1.366,1.373,1.36,11468359,1566942837.5,0.95,0.22,0.003,5.11,159941
2025-10-13,1.334,1.347,1.353,1.333,18038388,2414862520.176,1.46,-1.39,-0.019,8.03,159941
2025-10-14,1.362,1.331,1.364,1.331,14588610,1964034300.2,2.45,-1.19,-0.016,6.5,159941
2025-10-15,1.338,1.353,1.354,1.336,11372646,1530230828.71,1.35,1.65,0.022,5.07,159941
2025-10-16,1.349,1.363,1.365,1.347,7357019,996049352.714,1.33,0.74,0.01,3.28,159941
2025-10-17,1.354,1.329,1.357,1.329,14775792,1983591274.5,2.05,-2.49,-0.034,6.58,159941
2025-10-20,1.355,1.369,1.372,1.354,13418800,1826383667.97,1.35,3.01,0.04,5.98,159941
2025-10-21,1.39,1.39,1.392,1.377,10761590,1491577939.809,1.1,1.53,0.021,4.79,159941
2025-10-22,1.385,1.41,1.422,1.381,21326064,2998666690.591,2.95,1.44,0.02,9.5,159941
2025-10-23,1.401,1.41,1.413,1.392,9782251,1373396524.83,1.49,0.0,0.0,4.36,159941
2025-10-24,1.435,1.43,1.436,1.42,9429018,1344396460.181,1.13,1.42,0.02,4.2,159941
2025-10-27,1.446,1.458,1.462,1.445,13763391,2000717896.82,1.19,1.96,0.028,6.13,159941
2025-10-28,1.469,1.456,1.483,1.433,18874815,2754360736.364,3.43,-0.14,-0.002,8.41,159941
2025-10-29,1.473,1.481,1.484,1.461,10899772,1604974451.471,1.58,1.72,0.025,4.85,159941
2025-10-30,1.477,1.462,1.486,1.461,14895661,2196497515.033,1.69,-1.28,-0.019,6.63,159941
2025-10-31,1.465,1.458,1.474,1.453,10977650,1604341940.588,1.44,-0.27,-0.004,4.89,159941
2025-11-03,1.463,1.456,1.464,1.452,8492035,1238578933.029,0.82,-0.14,-0.002,3.78,159941
2025-11-04,1.455,1.436,1.456,1.425,10716138,1540776571.478,2.13,-1.37,-0.02,4.77,159941
2025-11-05,1.4,1.425,1.428,1.392,16580660,2339733018.506,2.51,-0.77,-0.011,7.39,159941
2025-11-06,1.431,1.451,1.453,1.428,10374326,1497388077.569,1.75,1.82,0.026,4.62,159941
2025-11-07,1.427,1.435,1.444,1.422,11335462,1625561831.5,1.52,-1.1,-0.016,5.05,159941
2025-11-10,1.449,1.462,1.463,1.447,10742206,1559805914.848,1.11,1.88,0.027,4.78,159941
2025-11-11,1.478,1.467,1.482,1.461,9508919,1399584786.903,1.44,0.34,0.005,4.24,159941
2025-11-12,1.472,1.472,1.476,1.467,8621083,1268673636.861,0.61,0.34,0.005,3.84,159941
2025-11-13,1.468,1.467,1.469,1.463,6623378,971420944.361,0.41,-0.34,-0.005,2.95,159941
2025-11-14,1.437,1.427,1.445,1.425,12359564,1775516308.997,1.36,-2.73,-0.04,5.51,159941
2025-11-17,1.442,1.428,1.447,1.412,10837242,1558377024.422,2.45,0.07,0.001,4.83,159941
2025-11-18,1.406,1.381,1.413,1.379,14726501,2052478962.4,2.38,-3.29,-0.047,6.56,159941
2025-11-19,1.376,1.376,1.392,1.374,12393767,1713046667.106,1.3,-0.36,-0.005,5.52,159941
2025-11-20,1.41,1.427,1.428,1.408,13441390,1904630859.414,1.45,3.71,0.051,5.99,159941
2025-11-21,1.37,1.383,1.387,1.368,12734430,1757112351.823,1.33,-3.08,-0.044,5.67,159941
2025-11-24,1.398,1.394,1.402,1.386,6625555,924047281.9,1.16,0.8,0.011,2.95,159941
2025-11-25,1.429,1.422,1.429,1.419,8144577,1159794280.0,0.72,2.01,0.028,3.63,159941
2025-11-26,1.433,1.443,1.446,1.432,8638794,1242234882.743,0.98,1.48,0.021,3.85,159941
2025-11-27,1.453,1.437,1.454,1.437,6090771,880539340.229,1.18,-0.42,-0.006,2.71,159941
2025-11-28,1.445,1.452,1.454,1.44,5433523,785924955.716,0.97,1.04,0.015,2.42,159941
2025-12-01,1.443,1.439,1.449,1.436,9993730,1441268964.934,0.9,-0.9,-0.013,4.45,159941
2025-12-02,1.448,1.44,1.449,1.436,7855435,1131855501.3,0.9,0.07,0.001,3.5,159941
2025-12-03,1.45,1.458,1.463,1.449,10294062,1499907176.658,0.97,1.25,0.018,4.59,159941
2025-12-04,1.457,1.458,1.461,1.454,5135499,748293217.962,0.48,0.0,0.0,2.29,159941
2025-12-05,1.461,1.459,1.461,1.456,4886552,712841204.64,0.34,0.07,0.001,2.18,159941
2025-12-08,1.46,1.453,1.461,1.45,6449979,938372680.58,0.75,-0.41,-0.006,2.87,159941
2025-12-09,1.448,1.432,1.449,1.431,7438499,1068040055.284,1.24,-1.45,-0.021,3.31,159941
2025-12-10,1.431,1.44,1.446,1.427,7905564,1136494248.944,1.33,0.56,0.008,3.52,159941
2025-12-11,1.438,1.428,1.445,1.423,7874478,1128364107.506,1.53,-0.83,-0.012,3.51,159941
2025-12-12,1.437,1.431,1.438,1.429,5357023,767681160.794,0.63,0.21,0.003,2.39,159941
2025-12-15,1.411,1.414,1.419,1.409,6936717,980993288.479,0.7,-1.19,-0.017,3.09,159941
2025-12-16,1.404,1.394,1.407,1.388,6714223,936955218.2,1.34,-1.41,-0.02,2.99,159941
2025-12-17,1.403,1.407,1.412,1.4,8608421,1210441974.818,0.86,0.93,0.013,3.83,159941
2025-12-18,1.388,1.395,1.395,1.386,5410104,752637186.5,0.64,-0.85,-0.012,2.41,159941
2025-12-19,1.41,1.414,1.416,1.407,6006388,847712218.545,0.65,1.36,0.019,2.68,159941
2025-12-22,1.438,1.441,1.441,1.436,5465234,786454281.998,0.35,1.91,0.027,2.43,159941
2025-12-23,1.441,1.435,1.442,1.434,4984141,716156881.252,0.56,-0.42,-0.006,2.22,159941
2025-12-24,1.44,1.432,1.441,1.431,3187574,457551214.999,0.7,-0.21,-0.003,1.42,159941
2025-12-25,1.432,1.426,1.432,1.424,4814571,687041763.8,0.56,-0.42,-0.006,2.14,159941
2025-12-26,1.429,1.424,1.431,1.424,3786050,540685178.158,0.49,-0.14,-0.002,1.69,159941
2025-12-29,1.42,1.416,1.42,1.41,4366590,616983831.9,0.7,-0.56,-0.008,1.94,159941
2025-12-30,1.409,1.42,1.42,1.404,4577894,645200310.311,1.13,0.28,0.004,2.04,159941
2025-12-31,1.412,1.413,1.415,1.408,4172327,588734629.16,0.49,-0.49,-0.007,1.86,159941
2026-01-05,1.416,1.43,1.431,1.416,7080570,1009513000.357,1.06,1.2,0.017,3.15,159941
2026-01-06,1.428,1.43,1.432,1.423,5720661,816795631.028,0.63,0.0,0.0,2.55,159941
2026-01-07,1.435,1.427,1.435,1.426,4439971,634400685.237,0.63,-0.21,-0.003,1.98,159941
2026-01-08,1.425,1.422,1.427,1.418,3274869,465726763.5,0.63,-0.35,-0.005,1.46,159941
2026-01-09,1.417,1.418,1.422,1.413,5266020,746347880.118,0.63,-0.28,-0.004,2.35,159941
2026-01-12,1.417,1.412,1.419,1.411,5470497,774137683.192,0.56,-0.42,-0.006,2.44,159941
2026-01-13,1.413,1.421,1.425,1.405,9070467,1281885958.725,1.42,0.64,0.009,4.04,159941
2026-01-14,1.417,1.413,1.418,1.41,5327281,752520930.02,0.56,-0.56,-0.008,2.37,159941
2026-01-15,1.402,1.413,1.415,1.4,6760505,951811848.365,1.06,0.0,0.0,3.01,159941
2026-01-16,1.413,1.41,1.417,1.402,6103726,859869087.2,1.06,-0.21,-0.003,2.72,159941
2026-01-19,1.392,1.395,1.401,1.391,5219408,728979896.13,0.71,-1.06,-0.015,2.32,159941
2026-01-20,1.396,1.386,1.399,1.384,3976705,553456636.8,1.08,-0.65,-0.009,1.77,159941
2026-01-21,1.379,1.381,1.386,1.374,4456777,615388400.236,0.87,-0.36,-0.005,1.99,159941
2026-01-22,1.395,1.409,1.41,1.394,6988046,981161400.496,1.16,2.03,0.028,3.11,159941
2026-01-23,1.413,1.401,1.415,1.397,6775860,952398858.932,1.28,-0.57,-0.008,3.02,159941
2026-01-26,1.397,1.387,1.398,1.386,5350878,744911373.123,0.86,-1.0,-0.014,2.38,159941
2026-01-27,1.397,1.403,1.407,1.394,6664636,933941354.149,0.94,1.15,0.016,2.97,159941
2026-01-28,1.412,1.418,1.418,1.41,7358160,1041022320.067,0.57,1.07,0.015,3.28,159941
2026-01-29,1.407,1.409,1.411,1.404,4131718,581530749.599,0.49,-0.63,-0.009,1.84,159941
2026-01-30,1.396,1.396,1.404,1.394,5217229,729678732.049,0.71,-0.92,-0.013,2.32,159941
2026-02-02,1.388,1.359,1.392,1.357,9253174,1270741492.202,2.51,-2.65,-0.037,4.12,159941
2026-02-03,1.389,1.388,1.392,1.376,9185883,1272704522.39,1.18,2.13,0.029,4.09,159941
2026-02-04,1.365,1.379,1.379,1.362,6756794,924420934.19,1.22,-0.65,-0.009,3.01,159941
2026-02-05,1.364,1.367,1.369,1.359,5806432,791922442.5,0.73,-0.87,-0.012,2.59,159941
2026-02-06,1.341,1.344,1.346,1.338,9217175,1237365054.3,0.59,-1.68,-0.023,4.11,159941
2026-02-09,1.369,1.371,1.374,1.366,7286322,997765730.883,0.6,2.01,0.027,3.25,159941
2026-02-10,1.376,1.374,1.376,1.37,3990607,548145100.1,0.44,0.22,0.003,1.78,159941
2026-02-11,1.371,1.37,1.373,1.368,3757787,514854970.88,0.36,-0.29,-0.004,1.67,159941
2026-02-12,1.368,1.369,1.374,1.366,4235743,580199394.204,0.58,-0.07,-0.001,1.89,159941
2026-02-13,1.35,1.363,1.363,1.347,5237365,709299573.672,1.17,-0.44,-0.006,2.33,159941
2026-02-24,1.354,1.352,1.356,1.345,4951986,668444087.2,0.81,-0.81,-0.011,2.21,159941
2026-02-25,1.36,1.353,1.362,1.352,3726699,505858571.814,0.74,0.07,0.001,1.66,159941
2026-02-26,1.362,1.361,1.366,1.359,4658879,634371669.416,0.52,0.59,0.008,2.08,159941
2026-02-27,1.35,1.35,1.352,1.347,3275610,442124036.516,0.37,-0.81,-0.011,1.46,159941
2026-03-02,1.341,1.337,1.345,1.336,4397290,589341487.763,0.67,-0.96,-0.013,1.96,159941
2026-03-03,1.345,1.332,1.345,1.33,4418292,590554888.513,1.12,-0.37,-0.005,1.97,159941
2026-03-04,1.325,1.311,1.329,1.31,6292799,830571383.2,1.43,-1.58,-0.021,2.8,159941
2026-03-05,1.335,1.343,1.344,1.332,6336167,847779675.251,0.92,2.44,0.032,2.82,159941
2026-03-06,1.338,1.342,1.347,1.334,4286028,574273348.282,0.97,-0.07,-0.001,1.91,159941
2026-03-09,1.301,1.31,1.317,1.3,8268158,1080053098.056,1.27,-2.38,-0.032,3.68,159941
2026-03-10,1.335,1.332,1.337,1.33,6844871,912727059.736,0.53,1.68,0.022,3.05,159941
2026-03-11,1.335,1.335,1.34,1.333,3640538,486601069.716,0.53,0.23,0.003,1.62,159941
2026-03-12,1.329,1.327,1.332,1.326,4225987,561503044.61,0.45,-0.6,-0.008,1.88,159941
2026-03-13,1.319,1.315,1.32,1.314,3360648,442651446.367,0.45,-0.9,-0.012,1.5,159941
2026-03-16,1.313,1.324,1.325,1.31,5179099,681727202.222,1.14,0.68,0.009,2.31,159941
2026-03-17,1.325,1.316,1.329,1.316,4988481,660747832.4,0.98,-0.6,-0.008,2.22,159941
2026-03-18,1.328,1.333,1.338,1.326,6893548,918497175.922,0.91,1.29,0.017,3.07,159941
2026-03-19,1.317,1.309,1.319,1.307,6128226,804858359.956,0.9,-1.8,-0.024,2.73,159941
2026-03-20,1.312,1.3,1.314,1.296,3586960,468851884.5,1.38,-0.69,-0.009,1.6,159941
2026-03-23,1.28,1.257,1.28,1.245,10427885,1316925797.738,2.69,-3.31,-0.043,4.64,159941
2026-03-24,1.272,1.281,1.284,1.261,10915314,1386048556.808,1.83,1.91,0.024,4.86,159941
2026-03-25,1.288,1.292,1.294,1.285,8755754,1129268603.955,0.7,0.86,0.011,3.9,159941
2026-03-26,1.29,1.281,1.293,1.278,4547344,584562798.36,1.16,-0.85,-0.011,2.03,159941
2026-03-27,1.26,1.276,1.28,1.258,6121872,777521690.31,1.72,-0.39,-0.005,2.73,159941
2026-03-30,1.251,1.254,1.257,1.244,9949305,1244369884.222,1.02,-1.72,-0.022,4.43,159941
2026-03-31,1.25,1.251,1.261,1.246,7553150,946468743.352,1.2,-0.24,-0.003,3.36,159941
2026-04-01,1.284,1.303,1.307,1.282,9602907,1239401455.048,2.0,4.16,0.052,4.28,159941
2026-04-02,1.293,1.284,1.295,1.278,6326860,812901940.818,1.3,-1.46,-0.019,2.82,159941
2026-04-03,1.298,1.284,1.3,1.283,4328454,558079000.951,1.32,0.0,0.0,1.93,159941
2026-04-07,1.288,1.284,1.29,1.283,4127745,530993647.095,0.55,0.0,0.0,1.84,159941
2026-04-08,1.325,1.35,1.353,1.324,12860006,1720283656.124,2.26,5.14,0.066,5.73,159941
2026-04-09,1.33,1.336,1.345,1.328,9382542,1253102066.234,1.26,-1.04,-0.014,4.18,159941
2026-04-10,1.347,1.347,1.358,1.341,6242828,843191102.401,1.27,0.82,0.011,2.78,159941
2026-04-13,1.339,1.338,1.341,1.333,6763535,904264746.5,0.59,-0.67,-0.009,3.01,159941
2026-04-14,1.361,1.359,1.363,1.356,5855827,795998939.012,0.52,1.57,0.021,2.61,159941
2026-04-15,1.386,1.383,1.39,1.378,8240360,1140522733.625,0.88,1.77,0.024,3.67,159941
2026-04-16,1.405,1.412,1.414,1.405,8212691,1157109349.91,0.65,2.1,0.029,3.66,159941
2026-04-17,1.408,1.404,1.409,1.4,5683671,798182475.924,0.64,-0.57,-0.008,2.53,159941
2026-04-20,1.412,1.404,1.413,1.403,5390905,758890275.997,0.71,0.0,0.0,2.4,159941
2026-04-21,1.407,1.4,1.41,1.387,8733304,1222634222.4,1.64,-0.28,-0.004,3.89,159941
2026-04-22,1.4,1.407,1.408,1.396,8612338,1207397422.026,0.86,0.5,0.007,3.84,159941
2026-04-23,1.416,1.417,1.42,1.409,10147440,1435549570.652,0.78,0.71,0.01,4.52,159941
2026-04-24,1.418,1.418,1.42,1.415,5571895,789569832.603,0.35,0.07,0.001,2.48,159941
2026-04-27,1.432,1.45,1.455,1.432,12650935,1825509806.293,1.62,2.26,0.032,5.63,159941
2026-04-28,1.45,1.457,1.462,1.449,9852913,1435560857.729,0.9,0.48,0.007,4.39,159941
2026-04-29,1.45,1.452,1.457,1.447,6844347,993568574.92,0.69,-0.34,-0.005,3.05,159941
2026-04-30,1.461,1.456,1.47,1.451,7510552,1096660814.8,1.31,0.28,0.004,3.35,159941
2026-05-06,1.502,1.496,1.502,1.49,10720571,1603072154.075,0.82,2.75,0.04,4.78,159941
2026-05-07,1.513,1.537,1.54,1.512,12782409,1952711893.826,1.87,2.74,0.041,5.69,159941
2026-05-08,1.532,1.54,1.545,1.523,9421784,1443206828.808,1.43,0.2,0.003,4.2,159941
2026-05-11,1.568,1.577,1.577,1.565,7304850,1148581948.001,0.78,2.4,0.037,3.25,159941
2026-05-12,1.57,1.558,1.57,1.556,7012460,1097341198.358,0.89,-1.2,-0.019,3.12,159941
2026-05-13,1.55,1.571,1.572,1.549,8981035,1400016909.122,1.48,0.83,0.013,4.0,159941
2026-05-14,1.589,1.577,1.591,1.568,8824488,1392375516.867,1.46,0.38,0.006,3.93,159941
2026-05-15,1.577,1.564,1.584,1.554,14157840,2223669950.085,1.9,-0.82,-0.013,6.31,159941
2026-05-18,1.541,1.524,1.546,1.519,18823051,2887101489.711,1.73,-2.56,-0.04,8.38,159941
2026-05-19,1.52,1.52,1.527,1.508,11688741,1772413119.626,1.25,-0.26,-0.004,5.21,159941
2026-05-20,1.512,1.533,1.535,1.503,11999986,1817694105.434,2.11,0.86,0.013,5.34,159941
2026-05-21,1.553,1.561,1.572,1.548,13712545,2140888363.023,1.57,1.83,0.028,6.11,159941
2026-05-22,1.576,1.584,1.591,1.571,8035335,1270286537.596,1.28,1.47,0.023,3.58,159941
